"Designator,""Footprint"",""Mid X"",""Mid Y"",""Ref X"",""Ref Y"",""Pad X"",""Pad Y"",""Layer"",""Rotation"",""Comment"""

"U20,""SOT353"",""7868.733mil"",""2900mil"",""7868.75mil"",""2900mil"",""7904.15mil"",""2874.409mil"",""T"",""360.00"",""74LVC1G17GW"""
"U18,""SOT353"",""7589.983mil"",""2630mil"",""7590mil"",""2630mil"",""7625.4mil"",""2604.409mil"",""T"",""360.00"",""74LVC1G17GW"""
"F9,""MF-RX012-250-0"",""6105mil"",""560mil"",""6105mil"",""560mil"",""6105mil"",""660.394mil"",""T"",""270.00"",""MF-RX012/250"""
"F8,""MF-RX012-250-0"",""5760mil"",""560mil"",""5760mil"",""560mil"",""5760mil"",""660.394mil"",""T"",""270.00"",""MF-RX012/250"""
"F7,""MF-RX012-250-0"",""5415mil"",""560mil"",""5415mil"",""560mil"",""5415mil"",""660.394mil"",""T"",""270.00"",""MF-RX012/250"""
"F6,""MF-RX012-250-0"",""5050mil"",""565mil"",""5050mil"",""565mil"",""5050mil"",""665.394mil"",""T"",""270.00"",""MF-RX012/250"""
"R101,""0603_ReflowSoldering_RES"",""3100mil"",""1085mil"",""3100mil"",""1085mil"",""3126.4mil"",""1085mil"",""T"",""180.00"",""RES_0603_1%_100PPM_4.7K"""
"C73,""0603_ReflowSoldering_CAP"",""3030mil"",""895mil"",""3030mil"",""895mil"",""3003.6mil"",""895mil"",""T"",""360.00"",""C_0603_X7R_10%_10N-50V"""
"C12,""0603_ReflowSoldering_CAP"",""3030mil"",""965mil"",""3030mil"",""965mil"",""3003.6mil"",""965mil"",""T"",""360.00"",""C_0603_X7R_10%_10N-50V"""
"R99,""0603_ReflowSoldering_RES"",""3095mil"",""1220mil"",""3095mil"",""1220mil"",""3068.6mil"",""1220mil"",""T"",""360.00"",""RES_0603_1%_100PPM_10K"""
"R98,""0603_ReflowSoldering_RES"",""2905mil"",""1180mil"",""2905mil"",""1180mil"",""2878.6mil"",""1180mil"",""T"",""360.00"",""RES_0603_1%_100PPM_10K"""
"R96,""0603_ReflowSoldering_RES"",""3095mil"",""1155mil"",""3095mil"",""1155mil"",""3068.6mil"",""1155mil"",""T"",""360.00"",""RES_0603_1%_100PPM_10K"""
"R86,""0603_ReflowSoldering_RES"",""3965mil"",""1785mil"",""3965mil"",""1785mil"",""3965mil"",""1758.6mil"",""T"",""90.00"",""RES_0603_1%_100PPM_10K"""
"R36,""0603_ReflowSoldering_RES"",""3275mil"",""1393.75mil"",""3275mil"",""1393.75mil"",""3275mil"",""1367.35mil"",""T"",""90.00"",""RES_0603_1%_100PPM_4.7K"""
"C120,""0805_ReflowSoldering_CAP"",""1743.75mil"",""1518.75mil"",""1743.75mil"",""1518.75mil"",""1707.75mil"",""1518.75mil"",""T"",""360.00"",""C_0805_X5R_10%_1U-25V"""
"R105,""0603_ReflowSoldering_RES"",""1906.25mil"",""1706.25mil"",""1906.25mil"",""1706.25mil"",""1879.85mil"",""1706.25mil"",""T"",""360.00"",""RES_0603_1%_100PPM_10K"""
"R200,""0603_ReflowSoldering_RES"",""281.25mil"",""2018.75mil"",""281.25mil"",""2018.75mil"",""254.85mil"",""2018.75mil"",""T"",""360.00"",""RES_0603_1%_100PPM_10K"""
"R192,""0603_ReflowSoldering_RES"",""143.75mil"",""2018.75mil"",""143.75mil"",""2018.75mil"",""170.15mil"",""2018.75mil"",""T"",""180.00"",""RES_0603_1%_100PPM_10K"""
"R178,""0603_ReflowSoldering_RES"",""7993.75mil"",""2800mil"",""7993.75mil"",""2800mil"",""8020.15mil"",""2800mil"",""T"",""180.00"",""RES_0603_1%_100PPM_4.7K"""
"R187,""0603_ReflowSoldering_RES"",""7675mil"",""2768.75mil"",""7675mil"",""2768.75mil"",""7675mil"",""2795.15mil"",""T"",""270.00"",""RES_0603_1%_100PPM_4.7K"""
"R183,""0603_ReflowSoldering_RES"",""7756.25mil"",""2768.75mil"",""7756.25mil"",""2768.75mil"",""7756.25mil"",""2742.35mil"",""T"",""90.00"",""RES_0603_1%_100PPM_2.2K"""
"R182,""0603_ReflowSoldering_RES"",""5725mil"",""2460mil"",""5725mil"",""2460mil"",""5725mil"",""2486.4mil"",""T"",""270.00"",""RES_0603_1%_100PPM_4.7K"""
"R181,""0603_ReflowSoldering_RES"",""5655mil"",""2460mil"",""5655mil"",""2460mil"",""5655mil"",""2433.6mil"",""T"",""90.00"",""RES_0603_1%_100PPM_2.2K"""
"R180,""0603_ReflowSoldering_RES"",""4260mil"",""2440mil"",""4260mil"",""2440mil"",""4260mil"",""2466.4mil"",""T"",""270.00"",""RES_0603_1%_100PPM_4.7K"""
"R174,""0603_ReflowSoldering_RES"",""4260mil"",""2560mil"",""4260mil"",""2560mil"",""4260mil"",""2586.4mil"",""T"",""270.00"",""RES_0603_1%_100PPM_2.2K"""
"R173,""0603_ReflowSoldering_RES"",""4400mil"",""2465mil"",""4400mil"",""2465mil"",""4426.4mil"",""2465mil"",""T"",""180.00"",""RES_0603_1%_100PPM_4.7K"""
"R172,""0603_ReflowSoldering_RES"",""4425mil"",""2560mil"",""4425mil"",""2560mil"",""4425mil"",""2586.4mil"",""T"",""270.00"",""RES_0603_1%_100PPM_2.2K"""
"L46,""0603_ReflowSoldering_CAP"",""7650mil"",""2865mil"",""7650mil"",""2865mil"",""7623.6mil"",""2865mil"",""T"",""360.00"",""IND_FERRITE_0603_742792643"""
"L45,""0603_ReflowSoldering_CAP"",""5630mil"",""2560mil"",""5630mil"",""2560mil"",""5603.6mil"",""2560mil"",""T"",""360.00"",""IND_FERRITE_0603_742792643"""
"L44,""0603_ReflowSoldering_CAP"",""4330mil"",""2560mil"",""4330mil"",""2560mil"",""4330mil"",""2586.4mil"",""T"",""270.00"",""IND_FERRITE_0603_742792643"""
"L43,""0603_ReflowSoldering_CAP"",""4495mil"",""2560mil"",""4495mil"",""2560mil"",""4495mil"",""2586.4mil"",""T"",""270.00"",""IND_FERRITE_0603_742792643"""
"D70,""SOT23_3L_ReflowSoldering"",""7740mil"",""2620mil"",""7740mil"",""2620mil"",""7701.614mil"",""2576.693mil"",""T"",""270.00"",""BAT54S"""
"D69,""SOT23_3L_ReflowSoldering"",""5975mil"",""2180mil"",""5975mil"",""2180mil"",""6018.307mil"",""2141.614mil"",""T"",""360.00"",""BAT54S"""
"D68,""SOT23_3L_ReflowSoldering"",""4070mil"",""2415mil"",""4070mil"",""2415mil"",""4026.693mil"",""2453.386mil"",""T"",""180.00"",""BAT54S"""
"D66,""SOT23_3L_ReflowSoldering"",""4375mil"",""2285mil"",""4375mil"",""2285mil"",""4336.614mil"",""2241.693mil"",""T"",""270.00"",""BAT54S"""
"C142,""0603_ReflowSoldering_CAP"",""7605mil"",""2768.75mil"",""7605mil"",""2768.75mil"",""7605mil"",""2795.15mil"",""T"",""270.00"",""C_0603_X7R_10%_10N-50V"""
"C141,""0603_ReflowSoldering_CAP"",""5705mil"",""2365mil"",""5705mil"",""2365mil"",""5731.4mil"",""2365mil"",""T"",""180.00"",""C_0603_X7R_10%_100N-50V"""
"C140,""0603_ReflowSoldering_CAP"",""4190mil"",""2440mil"",""4190mil"",""2440mil"",""4190mil"",""2413.6mil"",""T"",""90.00"",""C_0603_X7R_10%_100N-50V"""
"C139,""0603_ReflowSoldering_CAP"",""4400mil"",""2395mil"",""4400mil"",""2395mil"",""4373.6mil"",""2395mil"",""T"",""360.00"",""C_0603_X7R_10%_100N-50V"""
"R89,""0603_ReflowSoldering_RES"",""4075mil"",""1600mil"",""4075mil"",""1600mil"",""4101.4mil"",""1600mil"",""T"",""180.00"",""RES_0603_1%_100PPM_1K"""
"T13,""DPAK"",""5050mil"",""1144.527mil"",""5050mil"",""990mil"",""5140mil"",""1299.055mil"",""T"",""90.00"",""T405-600B"""
"D52,""SOT23_3L_ReflowSoldering"",""250mil"",""2768.75mil"",""250mil"",""2768.75mil"",""288.386mil"",""2812.057mil"",""T"",""90.00"",""BZX84C4V7"""
"R64,""0603_ReflowSoldering_RES"",""9098.6mil"",""2890mil"",""9098.6mil"",""2890mil"",""9072.2mil"",""2890mil"",""T"",""360.00"",""RES_0603_1%_100PPM_47K"""
"D67,""SOD128_ReflowSoldering"",""9245.63mil"",""3145mil"",""9245.63mil"",""3145mil"",""9332.13mil"",""3145mil"",""T"",""180.00"",""PMEG4050EP"""
"R161,""0603_ReflowSoldering_RES"",""8300mil"",""1580mil"",""8300mil"",""1580mil"",""8300mil"",""1606.4mil"",""T"",""270.00"",""RES_0603_1%_100PPM_1K"""
"R160,""0603_ReflowSoldering_RES"",""1606.25mil"",""1012.5mil"",""1606.25mil"",""1012.5mil"",""1579.85mil"",""1012.5mil"",""T"",""360.00"",""RES_0603_1%_100PPM_1K"""
"JC2,""NULL"",""-2713.709mil"",""-4969mil"",""11236.291mil"",""-124mil"",""-2713.709mil"",""-4969mil"",""T"",""90.00"",""CAVALIER_2.54_BLEU_DORE_LANGUETTE_14mm"""
"VR1,""VDR_SERIE_LA_D10_H16_E7.5MM"",""8901.25mil"",""206.25mil"",""8901.25mil"",""206.25mil"",""8900.069mil"",""50.63mil"",""T"",""108.00"",""VDR_V300LA10P"""
"U25,""OPTO_FOD817BS_ReflowSoldering"",""750mil"",""2106.25mil"",""750mil"",""2106.25mil"",""572.835mil"",""2156.25mil"",""T"",""270.00"",""OPTO_FOD817BS"""
"U22,""DCDC_SIP_1W_19.5x9.8_h12.5"",""12.5mil"",""1425mil"",""12.5mil"",""1125mil"",""12.5mil"",""1125mil"",""T"",""90.00"",""DCDC_+12V_-12V_1W_R12P12D"""
"U19,""VSSOP_008_E0,5_L3,1MM"",""210mil"",""925mil"",""210mil"",""925mil"",""271.024mil"",""895.472mil"",""T"",""90.00"",""PCA9306DCUT"""
"U17,""SOT223"",""3036.553mil"",""1518.456mil"",""3036.553mil"",""1518.456mil"",""3129.073mil"",""1642.456mil"",""T"",""90.00"",""LD1117STR-E"""
"U16,""SOT223"",""7426mil"",""2117.52mil"",""7426mil"",""2117.52mil"",""7550mil"",""2025mil"",""T"",""0.00"",""LD1117STR-E"""
"U15,""OPTO_FOD817BS_ReflowSoldering"",""3671.4mil"",""2057.576mil"",""3671.4mil"",""2057.576mil"",""3494.235mil"",""2107.576mil"",""T"",""270.00"",""OPTO_FOD817BS"""
"U14,""OPTO_FOD817BS_ReflowSoldering"",""3671.4mil"",""1807.576mil"",""3671.4mil"",""1807.576mil"",""3494.235mil"",""1857.576mil"",""T"",""270.00"",""OPTO_FOD817BS"""
"U13,""QFP_048_E0,50_7X7MM"",""1475mil"",""525mil"",""1475mil"",""525mil"",""1583.267mil"",""687.25mil"",""T"",""270.00"",""DP83640TVV"""
"U12,""eTSSOP_014_E0,65_L4,4MM"",""9490mil"",""2794.055mil"",""9490mil"",""2794.055mil"",""9603.189mil"",""2717.283mil"",""T"",""90.00"",""LM3150"""
"U11,""SOT23_5L"",""1206.25mil"",""1981.25mil"",""1206.25mil"",""1981.25mil"",""1251.526mil"",""1943.848mil"",""T"",""0.00"",""MCP6L91T-E/OT"""
"U10,""QFP_144_E0,50_20X20MM"",""2371.339mil"",""938.7mil"",""2371.339mil"",""938.7mil"",""2715.827mil"",""1356.023mil"",""T"",""270.00"",""MCF52259CAG80"""
"U9,""SOT23_6L"",""2324.988mil"",""1806.25mil"",""2325mil"",""1806.25mil"",""2279.724mil"",""1843.652mil"",""T"",""180.00"",""25AA02E48T-I/OT"""
"U8,""SOT353"",""1500.016mil"",""1706.25mil"",""1500mil"",""1706.25mil"",""1464.6mil"",""1731.841mil"",""T"",""180.00"",""74HC1G125GW"""
"U7,""OPTO_FOD817BS_ReflowSoldering"",""3671.4mil"",""1557.576mil"",""3671.4mil"",""1557.576mil"",""3494.235mil"",""1607.576mil"",""T"",""270.00"",""OPTO_FOD817BS"""
"U6,""OPTO_FOD817BS_ReflowSoldering"",""3671.4mil"",""1307.576mil"",""3671.4mil"",""1307.576mil"",""3494.235mil"",""1357.576mil"",""T"",""270.00"",""OPTO_FOD817BS"""
"U5,""SC70_6"",""1662.5mil"",""2218.75mil"",""1662.5mil"",""2218.75mil"",""1688.091mil"",""2256.152mil"",""T"",""270.00"",""74LVC1G57DCKR"""
"U4,""DCDC_SIP_1W_19.5x9.8_h12.5_R12P12S"",""6697.48mil"",""1975mil"",""6997.48mil"",""1975mil"",""6997.48mil"",""1975mil"",""T"",""180.00"",""DCDC_+12V_1W_R12P12S"""
"U3,""OPTO_FOD817BS_ReflowSoldering"",""3556.25mil"",""1006.25mil"",""3556.25mil"",""1006.25mil"",""3733.415mil"",""956.25mil"",""T"",""90.00"",""OPTO_FOD817BS"""
"U2,""SOT23_6L"",""2870.012mil"",""2110mil"",""2870mil"",""2110mil"",""2915.276mil"",""2072.598mil"",""T"",""360.00"",""LMR12010YMK"""
"U1,""HTSSOP_016_E0,65_L4,4MM_PWP"",""1331.25mil"",""2275mil"",""1331.25mil"",""2275mil"",""1448.179mil"",""2185.433mil"",""T"",""90.00"",""DRV8801PWP"""
"T66,""SOT23_3L_ReflowSoldering"",""9235mil"",""2970mil"",""9235mil"",""2970mil"",""9196.614mil"",""2926.693mil"",""T"",""270.00"",""BC847C"""
"T65,""SOT23_3L_ReflowSoldering"",""2083.307mil"",""151.614mil"",""2083.307mil"",""151.614mil"",""2040mil"",""190mil"",""T"",""180.00"",""BC847C"""
"T64,""SOT23_3L_ReflowSoldering"",""3268.75mil"",""1081.25mil"",""3268.75mil"",""1081.25mil"",""3307.136mil"",""1124.557mil"",""T"",""90.00"",""BC847C"""
"T63,""SOT23_3L_ReflowSoldering"",""343.75mil"",""2356.25mil"",""343.75mil"",""2356.25mil"",""382.136mil"",""2399.557mil"",""T"",""90.00"",""BC847C"""
"T62,""SOT23_3L_ReflowSoldering"",""243.75mil"",""2631.25mil"",""243.75mil"",""2631.25mil"",""282.136mil"",""2674.557mil"",""T"",""90.00"",""BC857C"""
"T61,""SOT23_3L_ReflowSoldering"",""556.25mil"",""2668.75mil"",""556.25mil"",""2668.75mil"",""594.636mil"",""2712.057mil"",""T"",""90.00"",""BC847C"""
"T60,""SOT23_3L_ReflowSoldering"",""575mil"",""2400mil"",""575mil"",""2400mil"",""613.386mil"",""2443.307mil"",""T"",""90.00"",""BC857C"""
"T59,""SOT23_3L_ReflowSoldering"",""8075mil"",""2125mil"",""8075mil"",""2125mil"",""8036.614mil"",""2081.693mil"",""T"",""270.00"",""MMBT5551LT1G"""
"T58,""SOT23_3L_ReflowSoldering"",""7870mil"",""2125mil"",""7870mil"",""2125mil"",""7831.614mil"",""2081.693mil"",""T"",""270.00"",""MMBT5551LT1G"""
"T50,""SOT23_3L_ReflowSoldering"",""8080mil"",""2275mil"",""8080mil"",""2275mil"",""8041.614mil"",""2231.693mil"",""T"",""270.00"",""MMBT5551LT1G"""
"T44,""SOT23_3L_ReflowSoldering"",""7761.26mil"",""1420mil"",""7761.26mil"",""1420mil"",""7804.567mil"",""1381.614mil"",""T"",""0.00"",""BC847C"""
"T37,""SOT23_3L_ReflowSoldering"",""7880mil"",""2275mil"",""7880mil"",""2275mil"",""7841.614mil"",""2231.693mil"",""T"",""270.00"",""MMBT5551LT1G"""
"T35,""DPAK_Specifique_1"",""8346.732mil"",""2392.756mil"",""8488.464mil"",""2392.756mil"",""8205mil"",""2483.307mil"",""T"",""180.00"",""NJD1718T4G"""
"T34,""SOT23_3L_ReflowSoldering"",""8300mil"",""1418.75mil"",""8300mil"",""1418.75mil"",""8343.307mil"",""1380.364mil"",""T"",""360.00"",""BC847C"""
"T33,""SOT23_3L_ReflowSoldering"",""8185mil"",""1605mil"",""8185mil"",""1605mil"",""8141.693mil"",""1643.386mil"",""T"",""180.00"",""BC847C"""
"T32,""DPAK_Specifique_1"",""8502.244mil"",""1696.732mil"",""8502.244mil"",""1838.464mil"",""8411.693mil"",""1555mil"",""T"",""270.00"",""NTD2955G"""
"T29,""SOIC_08_E1,27_L150_ReflowSoldering"",""9390mil"",""2519.055mil"",""9390mil"",""2519.055mil"",""9465mil"",""2619.055mil"",""T"",""180.00"",""NTMS4801N"""
"T28,""SOT23_3L_ReflowSoldering"",""3112.5mil"",""600mil"",""3112.5mil"",""600mil"",""3069.193mil"",""638.386mil"",""T"",""180.00"",""BC847C"""
"T27,""SOIC_08_E1,27_L150_ReflowSoldering"",""9650mil"",""2519.055mil"",""9650mil"",""2519.055mil"",""9725mil"",""2619.055mil"",""T"",""180.00"",""NTMS4801N"""
"T26,""SOT23_3L_ReflowSoldering"",""837.5mil"",""1375mil"",""837.5mil"",""1375mil"",""880.807mil"",""1336.614mil"",""T"",""0.00"",""BC847C"""
"T25,""SOT23_3L_ReflowSoldering"",""1200mil"",""1637.5mil"",""1200mil"",""1637.5mil"",""1161.614mil"",""1594.193mil"",""T"",""270.00"",""BC847C"""
"T23,""SOT23_3L_ReflowSoldering"",""7337.165mil"",""1420mil"",""7337.165mil"",""1420mil"",""7380.472mil"",""1381.614mil"",""T"",""360.00"",""BC847C"""
"T18,""SOT23_3L_ReflowSoldering"",""3395mil"",""1980mil"",""3395mil"",""1980mil"",""3356.614mil"",""1936.693mil"",""T"",""270.00"",""BC847C"""
"T16,""SOT23_3L_ReflowSoldering"",""3395mil"",""1715mil"",""3395mil"",""1715mil"",""3356.614mil"",""1671.693mil"",""T"",""270.00"",""BC847C"""
"T15,""SOT23_3L_ReflowSoldering"",""3395mil"",""1465mil"",""3395mil"",""1465mil"",""3356.614mil"",""1421.693mil"",""T"",""270.00"",""BC847C"""
"T14,""DPAK_Specifique_1"",""8926.535mil"",""3070mil"",""8784.803mil"",""3070mil"",""9068.267mil"",""2979.449mil"",""T"",""360.00"",""NTD2955G"""
"T12,""SOT23_3L_ReflowSoldering"",""3395mil"",""1215mil"",""3395mil"",""1215mil"",""3356.614mil"",""1171.693mil"",""T"",""270.00"",""BC847C"""
"T11,""SOT23_3L_ReflowSoldering"",""1237.5mil"",""1768.75mil"",""1237.5mil"",""1768.75mil"",""1199.114mil"",""1725.443mil"",""T"",""270.00"",""BC847C"""
"T10,""SOT23_3L_ReflowSoldering"",""4673.75mil"",""2100mil"",""4673.75mil"",""2100mil"",""4717.057mil"",""2061.614mil"",""T"",""0.00"",""BC847C"""
"T9,""SOT23_3L_ReflowSoldering"",""4090mil"",""1970mil"",""4090mil"",""1970mil"",""4046.693mil"",""2008.386mil"",""T"",""180.00"",""BC847C"""
"T8,""SOT23_3L_ReflowSoldering"",""4090mil"",""1720mil"",""4090mil"",""1720mil"",""4046.693mil"",""1758.386mil"",""T"",""180.00"",""BC847C"""
"T7,""SOT23_3L_ReflowSoldering"",""4090mil"",""1470mil"",""4090mil"",""1470mil"",""4046.693mil"",""1508.386mil"",""T"",""180.00"",""BC847C"""
"T6,""SOT23_3L_ReflowSoldering"",""4673.75mil"",""2231.25mil"",""4673.75mil"",""2231.25mil"",""4630.443mil"",""2269.636mil"",""T"",""180.00"",""BC847C"""
"T5,""SOT23_3L_ReflowSoldering"",""5660mil"",""2130mil"",""5660mil"",""2130mil"",""5703.307mil"",""2091.614mil"",""T"",""360.00"",""BC847C"""
"T4,""DPAK_Specifique_1"",""5191.732mil"",""2087.2mil"",""5050mil"",""2087.2mil"",""5333.464mil"",""1996.649mil"",""T"",""360.00"",""NJD1718T4G"""
"T3,""SOT23_3L_ReflowSoldering"",""4090mil"",""1220mil"",""4090mil"",""1220mil"",""4046.693mil"",""1258.386mil"",""T"",""180.00"",""BC847C"""
"T2,""SOT23_3L_ReflowSoldering"",""5820mil"",""2130mil"",""5820mil"",""2130mil"",""5863.307mil"",""2091.614mil"",""T"",""0.00"",""BC847C"""
"T1,""DPAK_Specifique_1"",""2045.768mil"",""2409.301mil"",""1904.036mil"",""2409.301mil"",""2187.5mil"",""2318.75mil"",""T"",""360.00"",""NJD1718T4G"""
"RR3,""ARV241"",""1753mil"",""427mil"",""1753mil"",""427mil"",""1784.496mil"",""379.756mil"",""T"",""90.00"",""RES_4XR0603_IND_5%_22R*"""
"RR2,""ARV241"",""1753.504mil"",""587.244mil"",""1753.504mil"",""587.244mil"",""1785mil"",""540mil"",""T"",""90.00"",""RES_4XR0603_IND_5%_22R*"""
"RR1,""ARV241"",""2950mil"",""605mil"",""2950mil"",""605mil"",""2902.756mil"",""573.504mil"",""T"",""360.00"",""RES_4XR0603_IND_5%_22R*"""
"R208,""0603_ReflowSoldering_RES"",""7787.5mil"",""2025mil"",""7787.5mil"",""2025mil"",""7761.1mil"",""2025mil"",""T"",""360.00"",""RES_0603_1%_100PPM_68K"""
"R207,""0603_ReflowSoldering_RES"",""8065mil"",""2025mil"",""8065mil"",""2025mil"",""8091.4mil"",""2025mil"",""T"",""180.00"",""RES_0603_1%_100PPM_68K"""
"R205,""0603_ReflowSoldering_RES"",""8065mil"",""1955mil"",""8065mil"",""1955mil"",""8038.6mil"",""1955mil"",""T"",""360.00"",""RES_0603_1%_100PPM_4.7K"""
"R204,""0603_ReflowSoldering_RES"",""7787.5mil"",""1937.5mil"",""7787.5mil"",""1937.5mil"",""7813.9mil"",""1937.5mil"",""T"",""180.00"",""RES_0603_1%_100PPM_0R"""
"R202,""0603_ReflowSoldering_RES"",""8300mil"",""2137.5mil"",""8300mil"",""2137.5mil"",""8300mil"",""2111.1mil"",""T"",""90.00"",""RES_0603_1%_100PPM_56K"""
"R201,""0603_ReflowSoldering_RES"",""218.75mil"",""2431.25mil"",""218.75mil"",""2431.25mil"",""218.75mil"",""2404.85mil"",""T"",""90.00"",""RES_0603_1%_100PPM_47K"""
"R199,""0603_ReflowSoldering_RES"",""243.75mil"",""2525mil"",""243.75mil"",""2525mil"",""270.15mil"",""2525mil"",""T"",""180.00"",""RES_0603_1%_100PPM_51R"""
"R198,""0603_ReflowSoldering_RES"",""387.5mil"",""2650mil"",""387.5mil"",""2650mil"",""413.9mil"",""2650mil"",""T"",""180.00"",""RES_0603_1%_100PPM_1K"""
"R197,""0603_ReflowSoldering_RES"",""318.75mil"",""2250mil"",""318.75mil"",""2250mil"",""292.35mil"",""2250mil"",""T"",""360.00"",""RES_0603_1%_100PPM_4.7K"""
"R195,""RES_MOS3"",""0mil"",""2500mil"",""0mil"",""2500mil"",""0mil"",""2950mil"",""T"",""270.00"",""RES_MOS3_5%_300PPM_22K_700V"""
"R194,""0603_ReflowSoldering_RES"",""575mil"",""2275mil"",""575mil"",""2275mil"",""575mil"",""2248.6mil"",""T"",""90.00"",""RES_0603_1%_100PPM_4.7K"""
"R193,""0603_ReflowSoldering_RES"",""568.75mil"",""2775mil"",""568.75mil"",""2775mil"",""542.35mil"",""2775mil"",""T"",""360.00"",""RES_0603_1%_100PPM_1K"""
"R191,""0603_ReflowSoldering_RES"",""475mil"",""2562.5mil"",""475mil"",""2562.5mil"",""448.6mil"",""2562.5mil"",""T"",""360.00"",""RES_0603_1%_100PPM_51R"""
"R190,""0603_ReflowSoldering_RES"",""8375mil"",""2137.5mil"",""8375mil"",""2137.5mil"",""8375mil"",""2111.1mil"",""T"",""90.00"",""RES_0603_1%_100PPM_68K"""
"R189,""0603_ReflowSoldering_RES"",""8081.25mil"",""2406.25mil"",""8081.25mil"",""2406.25mil"",""8081.25mil"",""2379.85mil"",""T"",""90.00"",""RES_0603_1%_100PPM_12K"""
"R186,""1206_ReflowSoldering_RES"",""8205mil"",""2165mil"",""8205mil"",""2165mil"",""8205mil"",""2222.087mil"",""T"",""270.00"",""RES_1206_1%_100PPM_2.7R"""
"R185,""0603_ReflowSoldering_RES"",""7980mil"",""2255mil"",""7980mil"",""2255mil"",""7980mil"",""2228.6mil"",""T"",""90.00"",""RES_0603_1%_100PPM_100K"""
"R184,""0603_ReflowSoldering_RES"",""7775mil"",""2260mil"",""7775mil"",""2260mil"",""7775mil"",""2233.6mil"",""T"",""90.00"",""RES_0603_1%_100PPM_100K"""
"R179,""0603_ReflowSoldering_RES"",""5840mil"",""1995mil"",""5840mil"",""1995mil"",""5813.6mil"",""1995mil"",""T"",""360.00"",""RES_0603_1%_100PPM_4.7K"""
"R177,""0603_ReflowSoldering_RES"",""8087.5mil"",""2687.5mil"",""8087.5mil"",""2687.5mil"",""8087.5mil"",""2661.1mil"",""T"",""90.00"",""RES_0603_1%_100PPM_2.2K"""
"R176,""0603_ReflowSoldering_RES"",""8431.25mil"",""1393.75mil"",""8431.25mil"",""1393.75mil"",""8457.65mil"",""1393.75mil"",""T"",""180.00"",""RES_0603_1%_100PPM_4.7K"""
"R168,""0603_ReflowSoldering_RES"",""3010mil"",""2230mil"",""3010mil"",""2230mil"",""3036.4mil"",""2230mil"",""T"",""180.00"",""RES_0603_1%_100PPM_9.1K"""
"R158,""0603_ReflowSoldering_RES"",""408.6mil"",""990mil"",""408.6mil"",""990mil"",""382.2mil"",""990mil"",""T"",""360.00"",""RES_0603_1%_100PPM_4.7K"""
"R157,""0603_ReflowSoldering_RES"",""408.6mil"",""925mil"",""408.6mil"",""925mil"",""382.2mil"",""925mil"",""T"",""360.00"",""RES_0603_1%_100PPM_4.7K"""
"R156,""0603_ReflowSoldering_RES"",""275mil"",""825mil"",""275mil"",""825mil"",""248.6mil"",""825mil"",""T"",""360.00"",""RES_0603_1%_100PPM_1K"""
"R155,""0603_ReflowSoldering_RES"",""160mil"",""825mil"",""160mil"",""825mil"",""186.4mil"",""825mil"",""T"",""180.00"",""RES_0603_1%_100PPM_1K"""
"R154,""0603_ReflowSoldering_RES"",""60mil"",""880mil"",""60mil"",""880mil"",""60mil"",""906.4mil"",""T"",""270.00"",""RES_0603_1%_100PPM_200K"""
"R153,""0603_ReflowSoldering_RES"",""3400mil"",""2105mil"",""3400mil"",""2105mil"",""3373.6mil"",""2105mil"",""T"",""360.00"",""RES_0603_1%_100PPM_680R"""
"R145,""0603_ReflowSoldering_RES"",""3010mil"",""2145mil"",""3010mil"",""2145mil"",""2983.6mil"",""2145mil"",""T"",""360.00"",""RES_0603_1%_100PPM_47K"""
"R141,""0603_ReflowSoldering_RES"",""1941.4mil"",""185mil"",""1941.4mil"",""185mil"",""1915mil"",""185mil"",""T"",""360.00"",""RES_0603_1%_100PPM_10K"""
"R137,""0603_ReflowSoldering_RES"",""3395mil"",""1855mil"",""3395mil"",""1855mil"",""3368.6mil"",""1855mil"",""T"",""360.00"",""RES_0603_1%_100PPM_680R"""
"R129,""0603_ReflowSoldering_RES"",""2762.795mil"",""2125mil"",""2762.795mil"",""2125mil"",""2762.795mil"",""2151.4mil"",""T"",""270.00"",""RES_0603_1%_100PPM_10K"""
"R125,""0603_ReflowSoldering_RES"",""8031.25mil"",""1668.75mil"",""8031.25mil"",""1668.75mil"",""8031.25mil"",""1642.35mil"",""T"",""90.00"",""RES_0603_1%_100PPM_47K"""
"R121,""0603_ReflowSoldering_RES"",""3395mil"",""1605mil"",""3395mil"",""1605mil"",""3368.6mil"",""1605mil"",""T"",""360.00"",""RES_0603_1%_100PPM_680R"""
"R116,""0603_ReflowSoldering_RES"",""7881.25mil"",""2406.25mil"",""7881.25mil"",""2406.25mil"",""7881.25mil"",""2379.85mil"",""T"",""90.00"",""RES_0603_1%_100PPM_47K"""
"R115,""0603_ReflowSoldering_RES"",""8501.4mil"",""1535mil"",""8501.4mil"",""1535mil"",""8475mil"",""1535mil"",""T"",""360.00"",""RES_0603_1%_100PPM_10K"""
"R113,""0603_ReflowSoldering_RES"",""1693.75mil"",""1225mil"",""1693.75mil"",""1225mil"",""1720.15mil"",""1225mil"",""T"",""180.00"",""RES_0603_1%_100PPM_10K"""
"R112,""0603_ReflowSoldering_RES"",""1846.4mil"",""1391.4mil"",""1846.4mil"",""1391.4mil"",""1846.4mil"",""1417.8mil"",""T"",""270.00"",""RES_0603_1%_100PPM_22R"""
"R111,""0805_ReflowSoldering_RES"",""2510mil"",""1470mil"",""2510mil"",""1470mil"",""2474mil"",""1470mil"",""T"",""360.00"",""RES_0805_5%_300PPM_18M"""
"R108,""0603_ReflowSoldering_RES"",""2250mil"",""62.5mil"",""2250mil"",""62.5mil"",""2250mil"",""88.9mil"",""T"",""270.00"",""RES_0603_1%_100PPM_680R"""
"R107,""0603_ReflowSoldering_RES"",""2743.75mil"",""1643.75mil"",""2743.75mil"",""1643.75mil"",""2743.75mil"",""1617.35mil"",""T"",""90.00"",""RES_0603_1%_100PPM_10K"""
"R106,""0603_ReflowSoldering_RES"",""1750mil"",""1593.75mil"",""1750mil"",""1593.75mil"",""1776.4mil"",""1593.75mil"",""T"",""180.00"",""RES_0603_1%_100PPM_10K"""
"R104,""0603_ReflowSoldering_RES"",""2156.25mil"",""1762.5mil"",""2156.25mil"",""1762.5mil"",""2156.25mil"",""1788.9mil"",""T"",""270.00"",""RES_0603_1%_100PPM_10K"""
"R103,""0603_ReflowSoldering_RES"",""2028.45mil"",""2125mil"",""2028.45mil"",""2125mil"",""2054.85mil"",""2125mil"",""T"",""180.00"",""RES_0603_1%_100PPM_10K"""
"R100,""0603_ReflowSoldering_RES"",""3205mil"",""1661.631mil"",""3205mil"",""1661.631mil"",""3205mil"",""1688.032mil"",""T"",""270.00"",""RES_0603_1%_100PPM_1.69K"""
"R97,""0603_ReflowSoldering_RES"",""3205mil"",""1525mil"",""3205mil"",""1525mil"",""3205mil"",""1551.4mil"",""T"",""270.00"",""RES_0603_1%_100PPM_1K"""
"R95,""0603_ReflowSoldering_RES"",""9062.5mil"",""2756.25mil"",""9062.5mil"",""2756.25mil"",""9062.5mil"",""2729.85mil"",""T"",""90.00"",""RES_0603_1%_100PPM_9.76K"""
"R93,""0603_ReflowSoldering_RES"",""4075mil"",""1850mil"",""4075mil"",""1850mil"",""4101.4mil"",""1850mil"",""T"",""180.00"",""RES_0603_1%_100PPM_1K"""
"R92,""0603_ReflowSoldering_RES"",""3965mil"",""2035mil"",""3965mil"",""2035mil"",""3965mil"",""2008.6mil"",""T"",""90.00"",""RES_0603_1%_100PPM_10K"""
"R91,""0603_ReflowSoldering_RES"",""8923.6mil"",""2795mil"",""8923.6mil"",""2795mil"",""8950mil"",""2795mil"",""T"",""180.00"",""RES_0603_1%_100PPM_237K"""
"R90,""0603_ReflowSoldering_RES"",""4215mil"",""1600mil"",""4215mil"",""1600mil"",""4241.4mil"",""1600mil"",""T"",""180.00"",""RES_0603_1%_100PPM_1K"""
"R88,""0603_ReflowSoldering_RES"",""7567.48mil"",""1943.75mil"",""7567.48mil"",""1943.75mil"",""7593.88mil"",""1943.75mil"",""T"",""180.00"",""RES_0603_1%_100PPM_1K"""
"R87,""0603_ReflowSoldering_RES"",""3395mil"",""1355mil"",""3395mil"",""1355mil"",""3368.6mil"",""1355mil"",""T"",""360.00"",""RES_0603_1%_100PPM_680R"""
"R35,""0603_ReflowSoldering_RES"",""3965mil"",""1285mil"",""3965mil"",""1285mil"",""3965mil"",""1258.6mil"",""T"",""90.00"",""RES_0603_1%_100PPM_10K"""
"R85,""0603_ReflowSoldering_RES"",""1170mil"",""415mil"",""1170mil"",""415mil"",""1143.6mil"",""415mil"",""T"",""360.00"",""RES_0603_1%_100PPM_4.87K"""
"R84,""0603_ReflowSoldering_RES"",""1585.487mil"",""269.363mil"",""1585.487mil"",""269.363mil"",""1559.088mil"",""269.363mil"",""T"",""360.00"",""RES_0603_1%_100PPM_1M"""
"R83,""0603_ReflowSoldering_RES"",""2900mil"",""1260mil"",""2900mil"",""1260mil"",""2873.6mil"",""1260mil"",""T"",""360.00"",""RES_0603_1%_100PPM_10K"""
"R82,""0603_ReflowSoldering_RES"",""2900mil"",""1320mil"",""2900mil"",""1320mil"",""2873.6mil"",""1320mil"",""T"",""360.00"",""RES_0603_1%_100PPM_10K"""
"R81,""0603_ReflowSoldering_RES"",""1068.75mil"",""2100mil"",""1068.75mil"",""2100mil"",""1042.35mil"",""2100mil"",""T"",""360.00"",""RES_0603_1%_100PPM_10K"""
"R80,""0603_ReflowSoldering_RES"",""1068.75mil"",""1662.5mil"",""1068.75mil"",""1662.5mil"",""1042.35mil"",""1662.5mil"",""T"",""360.00"",""RES_0603_1%_100PPM_1K"""
"R79,""0603_ReflowSoldering_RES"",""1170mil"",""535mil"",""1170mil"",""535mil"",""1196.4mil"",""535mil"",""T"",""180.00"",""RES_0603_1%_100PPM_51R"""
"R78,""0603_ReflowSoldering_RES"",""1170mil"",""595mil"",""1170mil"",""595mil"",""1196.4mil"",""595mil"",""T"",""180.00"",""RES_0603_1%_100PPM_51R"""
"R77,""0603_ReflowSoldering_RES"",""1170mil"",""655mil"",""1170mil"",""655mil"",""1196.4mil"",""655mil"",""T"",""180.00"",""RES_0603_1%_100PPM_51R"""
"R76,""0603_ReflowSoldering_RES"",""1343.75mil"",""1737.5mil"",""1343.75mil"",""1737.5mil"",""1343.75mil"",""1763.9mil"",""T"",""270.00"",""RES_0603_1%_100PPM_51R"""
"R75,""0603_ReflowSoldering_RES"",""1645mil"",""825mil"",""1645mil"",""825mil"",""1645mil"",""851.4mil"",""T"",""270.00"",""RES_0603_1%_100PPM_22R"""
"R74,""0603_ReflowSoldering_RES"",""7981.25mil"",""2406.25mil"",""7981.25mil"",""2406.25mil"",""7981.25mil"",""2432.65mil"",""T"",""270.00"",""RES_0603_1%_100PPM_4.7K"""
"R73,""0603_ReflowSoldering_RES"",""1457.65mil"",""268.75mil"",""1457.65mil"",""268.75mil"",""1431.25mil"",""268.75mil"",""T"",""360.00"",""RES_0603_1%_100PPM_1.5K"""
"R72,""0603_ReflowSoldering_RES"",""1170mil"",""715mil"",""1170mil"",""715mil"",""1196.4mil"",""715mil"",""T"",""180.00"",""RES_0603_1%_100PPM_51R"""
"R71,""0603_ReflowSoldering_RES"",""1450mil"",""843.75mil"",""1450mil"",""843.75mil"",""1450mil"",""817.35mil"",""T"",""90.00"",""RES_0603_1%_100PPM_4.7K"""
"R70,""0603_ReflowSoldering_RES"",""9087.5mil"",""2668.75mil"",""9087.5mil"",""2668.75mil"",""9113.9mil"",""2668.75mil"",""T"",""180.00"",""RES_0603_1%_100PPM_2.49M"""
"R69,""0603_ReflowSoldering_RES"",""9231.25mil"",""2837.5mil"",""9231.25mil"",""2837.5mil"",""9231.25mil"",""2863.9mil"",""T"",""270.00"",""RES_0603_1%_100PPM_1.15K"""
"R68,""0603_ReflowSoldering_RES"",""9625mil"",""2919.055mil"",""9625mil"",""2919.055mil"",""9651.4mil"",""2919.055mil"",""T"",""180.00"",""RES_0603_1%_100PPM_604K"""
"R67,""0603_ReflowSoldering_RES"",""9568.75mil"",""3018.75mil"",""9568.75mil"",""3018.75mil"",""9595.15mil"",""3018.75mil"",""T"",""180.00"",""RES_0603_1%_100PPM_9.1K"""
"R66,""0603_ReflowSoldering_RES"",""7631.25mil"",""2075mil"",""7631.25mil"",""2075mil"",""7631.25mil"",""2048.6mil"",""T"",""90.00"",""RES_0603_1%_100PPM_115R"""
"R65,""0603_ReflowSoldering_RES"",""9187.5mil"",""1018.75mil"",""9187.5mil"",""1018.75mil"",""9213.9mil"",""1018.75mil"",""T"",""180.00"",""RES_0603_1%_100PPM_9.1K"""
"R63,""0603_ReflowSoldering_RES"",""9085.63mil"",""3070mil"",""9085.63mil"",""3070mil"",""9085.63mil"",""3043.6mil"",""T"",""90.00"",""RES_0603_1%_100PPM_47K"""
"R62,""0603_ReflowSoldering_RES"",""450mil"",""2475mil"",""450mil"",""2475mil"",""450mil"",""2501.4mil"",""T"",""270.00"",""RES_0603_1%_100PPM_47K"""
"R61,""0603_ReflowSoldering_RES"",""9468.75mil"",""3043.75mil"",""9468.75mil"",""3043.75mil"",""9468.75mil"",""3017.35mil"",""T"",""90.00"",""RES_0603_1%_100PPM_68K"""
"R60,""0603_ReflowSoldering_RES"",""4215mil"",""1345mil"",""4215mil"",""1345mil"",""4241.4mil"",""1345mil"",""T"",""180.00"",""RES_0603_1%_100PPM_1K"""
"R59,""0603_ReflowSoldering_RES"",""7474.36mil"",""1426.4mil"",""7474.36mil"",""1426.4mil"",""7474.36mil"",""1452.8mil"",""T"",""270.00"",""RES_0603_1%_100PPM_4.7K"""
"R58,""0603_ReflowSoldering_RES"",""4075mil"",""1345mil"",""4075mil"",""1345mil"",""4101.4mil"",""1345mil"",""T"",""180.00"",""RES_0603_1%_100PPM_1K"""
"R57,""0603_ReflowSoldering_RES"",""3290mil"",""1911.4mil"",""3290mil"",""1911.4mil"",""3290mil"",""1885mil"",""T"",""90.00"",""RES_0603_1%_100PPM_4.7K"""
"R56,""0603_ReflowSoldering_RES"",""9187.5mil"",""1081.25mil"",""9187.5mil"",""1081.25mil"",""9161.1mil"",""1081.25mil"",""T"",""360.00"",""RES_0603_1%_100PPM_68K"""
"R55,""0603_ReflowSoldering_RES"",""6840mil"",""3050mil"",""6840mil"",""3050mil"",""6813.6mil"",""3050mil"",""T"",""360.00"",""RES_0603_1%_100PPM_4.7K"""
"R54,""0603_ReflowSoldering_RES"",""6715mil"",""3120mil"",""6715mil"",""3120mil"",""6688.6mil"",""3120mil"",""T"",""360.00"",""RES_0603_1%_100PPM_2.2K"""
"R53,""0603_ReflowSoldering_RES"",""862.5mil"",""1493.75mil"",""862.5mil"",""1493.75mil"",""836.1mil"",""1493.75mil"",""T"",""360.00"",""RES_0603_1%_100PPM_680R"""
"R52,""0603_ReflowSoldering_RES"",""3965mil"",""1535mil"",""3965mil"",""1535mil"",""3965mil"",""1508.6mil"",""T"",""90.00"",""RES_0603_1%_100PPM_10K"""
"R51,""0603_ReflowSoldering_RES"",""3290mil"",""1645mil"",""3290mil"",""1645mil"",""3290mil"",""1618.6mil"",""T"",""90.00"",""RES_0603_1%_100PPM_4.7K"""
"R50,""0603_ReflowSoldering_RES"",""1312.5mil"",""2056.25mil"",""1312.5mil"",""2056.25mil"",""1312.5mil"",""2082.65mil"",""T"",""270.00"",""RES_0603_1%_100PPM_10K"""
"R49,""0603_ReflowSoldering_RES"",""356.25mil"",""2462.5mil"",""356.25mil"",""2462.5mil"",""329.85mil"",""2462.5mil"",""T"",""360.00"",""RES_0603_1%_100PPM_2.2K"""
"R48,""0603_ReflowSoldering_RES"",""2643.75mil"",""381.25mil"",""2643.75mil"",""381.25mil"",""2617.35mil"",""381.25mil"",""T"",""360.00"",""RES_0603_1%_100PPM_1M"""
"R47,""0603_ReflowSoldering_RES"",""2906.25mil"",""825mil"",""2906.25mil"",""825mil"",""2879.85mil"",""825mil"",""T"",""360.00"",""RES_0603_1%_100PPM_22R"""
"R46,""0603_ReflowSoldering_RES"",""1243.75mil"",""1875mil"",""1243.75mil"",""1875mil"",""1270.15mil"",""1875mil"",""T"",""180.00"",""RES_0603_1%_100PPM_7.5K"""
"R45,""0603_ReflowSoldering_RES"",""1443.75mil"",""2118.75mil"",""1443.75mil"",""2118.75mil"",""1470.15mil"",""2118.75mil"",""T"",""180.00"",""RES_0603_1%_100PPM_10K"""
"R44,""0603_ReflowSoldering_RES"",""1125mil"",""1756.25mil"",""1125mil"",""1756.25mil"",""1125mil"",""1729.85mil"",""T"",""90.00"",""RES_0603_1%_100PPM_1K"""
"R43,""0603_ReflowSoldering_RES"",""1068.75mil"",""2025mil"",""1068.75mil"",""2025mil"",""1095.15mil"",""2025mil"",""T"",""180.00"",""RES_0603_1%_100PPM_33K"""
"R42,""0603_ReflowSoldering_RES"",""975mil"",""1337.5mil"",""975mil"",""1337.5mil"",""1001.4mil"",""1337.5mil"",""T"",""180.00"",""RES_0603_1%_100PPM_10K"""
"R41,""0603_ReflowSoldering_RES"",""4215mil"",""1095mil"",""4215mil"",""1095mil"",""4241.4mil"",""1095mil"",""T"",""180.00"",""RES_0603_1%_100PPM_1K"""
"R39,""0603_ReflowSoldering_RES"",""3100mil"",""462.5mil"",""3100mil"",""462.5mil"",""3073.6mil"",""462.5mil"",""T"",""360.00"",""RES_0603_1%_100PPM_4.7K"""
"R37,""1206_ReflowSoldering_RES"",""5390mil"",""2282.2mil"",""5390mil"",""2282.2mil"",""5447.087mil"",""2282.2mil"",""T"",""180.00"",""RES SMD 2.2 OHM 1% 1/4W 1206"""
"R34,""0603_ReflowSoldering_RES"",""5475mil"",""1997.2mil"",""5475mil"",""1997.2mil"",""5501.4mil"",""1997.2mil"",""T"",""180.00"",""RES_0603_1%_100PPM_2.2K"""
"R33,""0603_ReflowSoldering_RES"",""2281.25mil"",""2293.75mil"",""2281.25mil"",""2293.75mil"",""2281.25mil"",""2267.35mil"",""T"",""90.00"",""RES_0603_1%_100PPM_2.2K"""
"R32,""0603_ReflowSoldering_RES"",""3262.5mil"",""1187.5mil"",""3262.5mil"",""1187.5mil"",""3236.1mil"",""1187.5mil"",""T"",""360.00"",""RES_0603_1%_100PPM_4.7K"""
"R31,""0603_ReflowSoldering_RES"",""1381.25mil"",""843.75mil"",""1381.25mil"",""843.75mil"",""1381.25mil"",""870.15mil"",""T"",""270.00"",""RES_0603_1%_100PPM_51R"""
"R30,""0603_ReflowSoldering_RES"",""7445mil"",""2790mil"",""7445mil"",""2790mil"",""7471.4mil"",""2790mil"",""T"",""180.00"",""RES_0603_1%_100PPM_150R"""
"R29,""0603_ReflowSoldering_RES"",""7325mil"",""2790mil"",""7325mil"",""2790mil"",""7351.4mil"",""2790mil"",""T"",""180.00"",""RES_0603_1%_100PPM_150R"""
"R28,""2512_ReflowSoldering_RES"",""7090mil"",""2595mil"",""7090mil"",""2595mil"",""6978.9mil"",""2595mil"",""T"",""360.00"",""RES_2512_5%_200PPM_200R_500V"""
"R27,""0603_ReflowSoldering_RES"",""3162.5mil"",""987.5mil"",""3162.5mil"",""987.5mil"",""3162.5mil"",""1013.9mil"",""T"",""270.00"",""RES_0603_1%_100PPM_680R"""
"R26,""0603_ReflowSoldering_RES"",""6405mil"",""2895mil"",""6405mil"",""2895mil"",""6431.4mil"",""2895mil"",""T"",""180.00"",""RES_0603_1%_100PPM_150R"""
"R25,""0603_ReflowSoldering_RES"",""6380mil"",""2625mil"",""6380mil"",""2625mil"",""6380mil"",""2651.4mil"",""T"",""270.00"",""RES_0603_1%_100PPM_150R"""
"R24,""2512_ReflowSoldering_RES"",""6330mil"",""2460mil"",""6330mil"",""2460mil"",""6441.1mil"",""2460mil"",""T"",""180.00"",""RES_2512_5%_200PPM_200R_500V"""
"R23,""0603_ReflowSoldering_RES"",""7896.26mil"",""1393.75mil"",""7896.26mil"",""1393.75mil"",""7922.66mil"",""1393.75mil"",""T"",""180.00"",""RES_0603_1%_100PPM_4.7K"""
"R22,""0603_ReflowSoldering_RES"",""1562.5mil"",""2412.5mil"",""1562.5mil"",""2412.5mil"",""1588.9mil"",""2412.5mil"",""T"",""180.00"",""RES_0603_1%_100PPM_0R"""
"R21,""0603_ReflowSoldering_RES"",""4690mil"",""1985mil"",""4690mil"",""1985mil"",""4663.6mil"",""1985mil"",""T"",""360.00"",""RES_0603_1%_100PPM_4.7K"""
"R20,""1206_ReflowSoldering_RES"",""4340mil"",""975mil"",""4340mil"",""975mil"",""4397.087mil"",""975mil"",""T"",""180.00"",""RES_1206_1%_100PPM_220K"""
"R19,""1206_ReflowSoldering_RES"",""4337.5mil"",""350mil"",""4337.5mil"",""350mil"",""4394.587mil"",""350mil"",""T"",""180.00"",""RES_1206_1%_100PPM_220K"""
"R18,""0603_ReflowSoldering_RES"",""4790mil"",""2115mil"",""4790mil"",""2115mil"",""4790mil"",""2141.4mil"",""T"",""270.00"",""RES_0603_1%_100PPM_10K"""
"R17,""0603_ReflowSoldering_RES"",""5645mil"",""1995mil"",""5645mil"",""1995mil"",""5618.6mil"",""1995mil"",""T"",""360.00"",""RES_0603_1%_100PPM_4.7K"""
"R16,""0603_ReflowSoldering_RES"",""1150mil"",""100mil"",""1150mil"",""100mil"",""1176.4mil"",""100mil"",""T"",""180.00"",""RES_0603_1%_100PPM_680R"""
"R15,""0603_ReflowSoldering_RES"",""4660mil"",""2515mil"",""4660mil"",""2515mil"",""4660mil"",""2541.4mil"",""T"",""270.00"",""RES_0603_1%_100PPM_4.7K"""
"R14,""0603_ReflowSoldering_RES"",""4755mil"",""2490mil"",""4755mil"",""2490mil"",""4781.4mil"",""2490mil"",""T"",""180.00"",""RES_0603_1%_100PPM_2.2K"""
"R12,""0603_ReflowSoldering_RES"",""4530mil"",""2195mil"",""4530mil"",""2195mil"",""4556.4mil"",""2195mil"",""T"",""180.00"",""RES_0603_1%_100PPM_4.7K"""
"R11,""0603_ReflowSoldering_RES"",""5750mil"",""2265mil"",""5750mil"",""2265mil"",""5776.4mil"",""2265mil"",""T"",""180.00"",""RES_0603_1%_100PPM_4.7K"""
"R10,""0603_ReflowSoldering_RES"",""1150mil"",""168.75mil"",""1150mil"",""168.75mil"",""1176.4mil"",""168.75mil"",""T"",""180.00"",""RES_0603_1%_100PPM_680R"""
"R9,""1206_ReflowSoldering_RES"",""2275mil"",""2406.25mil"",""2275mil"",""2406.25mil"",""2332.087mil"",""2406.25mil"",""T"",""180.00"",""RES_1206_1%_200PPM_3.3R"""
"R8,""0603_ReflowSoldering_RES"",""3835mil"",""3030mil"",""3835mil"",""3030mil"",""3861.4mil"",""3030mil"",""T"",""180.00"",""RES_0603_1%_100PPM_4.7K"""
"R7,""0603_ReflowSoldering_RES"",""3835mil"",""3100mil"",""3835mil"",""3100mil"",""3808.6mil"",""3100mil"",""T"",""360.00"",""RES_0603_1%_100PPM_2.2K"""
"R6,""0603_ReflowSoldering_RES"",""1562.5mil"",""2118.75mil"",""1562.5mil"",""2118.75mil"",""1536.1mil"",""2118.75mil"",""T"",""0.00"",""RES_0603_1%_100PPM_115R"""
"R5,""0603_ReflowSoldering_RES"",""3268.75mil"",""962.5mil"",""3268.75mil"",""962.5mil"",""3295.15mil"",""962.5mil"",""T"",""180.00"",""RES_0603_1%_100PPM_1K"""
"R4,""0603_ReflowSoldering_RES"",""1725mil"",""2793.75mil"",""1725mil"",""2793.75mil"",""1698.6mil"",""2793.75mil"",""T"",""360.00"",""RES_0603_1%_100PPM_4.7K"""
"R3,""0603_ReflowSoldering_RES"",""2186.25mil"",""3128.75mil"",""2186.25mil"",""3128.75mil"",""2159.85mil"",""3128.75mil"",""T"",""360.00"",""RES_0603_1%_100PPM_4.7K"""
"R2,""0603_ReflowSoldering_RES"",""1631.25mil"",""2687.5mil"",""1631.25mil"",""2687.5mil"",""1631.25mil"",""2661.1mil"",""T"",""90.00"",""RES_0603_1%_100PPM_2.2K"""
"R1,""0603_ReflowSoldering_RES"",""2081.25mil"",""2956.25mil"",""2081.25mil"",""2956.25mil"",""2081.25mil"",""2929.85mil"",""T"",""90.00"",""RES_0603_1%_100PPM_2.2K"""
"Q3,""QUARTZ_HC49_11.5X5_CMS"",""1570mil"",""71.25mil"",""1570mil"",""71.25mil"",""1382.992mil"",""71.25mil"",""T"",""360.00"",""QUARTZ_HC49/4HSMX_25M"""
"Q2,""QUARTZ_2X6MM_CYL_CMS"",""2495mil"",""1690mil"",""2495mil"",""1690mil"",""2445mil"",""1571.89mil"",""T"",""270.00"",""QUARTZ_2X6MM_CMS_32.768KHZ"""
"Q1,""QUARTZ_HC49_11.5X5_CMS"",""2693.75mil"",""131.25mil"",""2693.75mil"",""131.25mil"",""2506.742mil"",""131.25mil"",""T"",""360.00"",""QUARTZ_HC49/4HSMX_25M"""
"L36,""0603_ReflowSoldering_CAP"",""4855mil"",""2535mil"",""4855mil"",""2535mil"",""4855mil"",""2508.6mil"",""T"",""90.00"",""IND_FERRITE_0603_742792643"""
"L35,""0603_ReflowSoldering_CAP"",""5410mil"",""2560mil"",""5410mil"",""2560mil"",""5436.4mil"",""2560mil"",""T"",""180.00"",""IND_FERRITE_0603_742792643"""
"L34,""0603_ReflowSoldering_CAP"",""2206.25mil"",""2700mil"",""2206.25mil"",""2700mil"",""2179.85mil"",""2700mil"",""T"",""360.00"",""IND_FERRITE_0603_742792643"""
"L33,""0603_ReflowSoldering_CAP"",""8112.5mil"",""2800mil"",""8112.5mil"",""2800mil"",""8138.9mil"",""2800mil"",""T"",""180.00"",""IND_FERRITE_0603_742792643"""
"L32,""0603_ReflowSoldering_CAP"",""6.25mil"",""762.5mil"",""6.25mil"",""762.5mil"",""32.65mil"",""762.5mil"",""T"",""180.00"",""IND_FERRITE_0603_742792643"""
"L31,""1812_ReflowSoldering_SELF"",""143.75mil"",""218.75mil"",""143.75mil"",""218.75mil"",""143.75mil"",""309.301mil"",""T"",""270.00"",""IND_FERRITE_1812_74279226101"""
"L30,""0603_ReflowSoldering_CAP"",""300mil"",""670mil"",""300mil"",""670mil"",""300mil"",""696.4mil"",""T"",""270.00"",""IND_FERRITE_0603_742792643"""
"L29,""SELF_WEPD_12X12_h10_XXL"",""8950.63mil"",""1715mil"",""8950.63mil"",""1715mil"",""9145.512mil"",""1715mil"",""T"",""180.00"",""SELF_15UH_6.5A_7447709150"""
"L28,""0603_ReflowSoldering_CAP"",""740mil"",""910mil"",""740mil"",""910mil"",""740mil"",""936.4mil"",""T"",""270.00"",""IND_FERRITE_0603_742792643"""
"L27,""0603_ReflowSoldering_CAP"",""815mil"",""910mil"",""815mil"",""910mil"",""815mil"",""936.4mil"",""T"",""270.00"",""IND_FERRITE_0603_742792643"""
"L26,""0603_ReflowSoldering_CAP"",""6715mil"",""3050mil"",""6715mil"",""3050mil"",""6688.6mil"",""3050mil"",""T"",""360.00"",""IND_FERRITE_0603_742792643"""
"L25,""0603_ReflowSoldering_CAP"",""1693.75mil"",""1162.5mil"",""1693.75mil"",""1162.5mil"",""1667.35mil"",""1162.5mil"",""T"",""360.00"",""IND_FERRITE_0603_742792643"""
"L24,""0603_ReflowSoldering_CAP"",""2956.25mil"",""410mil"",""2956.25mil"",""410mil"",""2956.25mil"",""383.6mil"",""T"",""90.00"",""IND_FERRITE_0603_742792643"""
"L23,""0603_ReflowSoldering_CAP"",""4755mil"",""2560mil"",""4755mil"",""2560mil"",""4781.4mil"",""2560mil"",""T"",""180.00"",""IND_FERRITE_0603_742792643"""
"L22,""0603_ReflowSoldering_CAP"",""5075mil"",""2572.2mil"",""5075mil"",""2572.2mil"",""5075mil"",""2545.8mil"",""T"",""90.00"",""IND_FERRITE_0603_742792643"""
"L21,""0603_ReflowSoldering_CAP"",""5155mil"",""2573.6mil"",""5155mil"",""2573.6mil"",""5155mil"",""2547.2mil"",""T"",""90.00"",""IND_FERRITE_0603_742792643"""
"L20,""0603_ReflowSoldering_CAP"",""206.25mil"",""1893.75mil"",""206.25mil"",""1893.75mil"",""206.25mil"",""1867.35mil"",""T"",""90.00"",""IND_FERRITE_0603_742792643"""
"L19,""0603_ReflowSoldering_CAP"",""137.5mil"",""1893.75mil"",""137.5mil"",""1893.75mil"",""137.5mil"",""1867.35mil"",""T"",""90.00"",""IND_FERRITE_0603_742792643"""
"L18,""0603_ReflowSoldering_CAP"",""-62.5mil"",""1006.25mil"",""-62.5mil"",""1006.25mil"",""-36.1mil"",""1006.25mil"",""T"",""180.00"",""IND_FERRITE_0603_742792643"""
"L16,""0603_ReflowSoldering_CAP"",""6587.48mil"",""1595mil"",""6587.48mil"",""1595mil"",""6587.48mil"",""1621.4mil"",""T"",""270.00"",""IND_FERRITE_0603_742792643"""
"L15,""0603_ReflowSoldering_CAP"",""6360mil"",""1600mil"",""6360mil"",""1600mil"",""6360mil"",""1626.4mil"",""T"",""270.00"",""IND_FERRITE_0603_742792643"""
"L14,""SELF_WE-TPC_4.8x4.78_(type4828)"",""2710mil"",""1870mil"",""2710mil"",""1870mil"",""2710mil"",""1938.898mil"",""T"",""270.00"",""SELF_10UH_1.19A_744043100"""
"L13,""1206_ReflowSoldering_FERRITE"",""2680mil"",""2237.913mil"",""2680mil"",""2237.913mil"",""2680mil"",""2295mil"",""T"",""270.00"",""IND_FERRITE_1206_74279218"""
"L12,""0603_ReflowSoldering_CAP"",""7162.48mil"",""2045mil"",""7162.48mil"",""2045mil"",""7188.88mil"",""2045mil"",""T"",""180.00"",""IND_FERRITE_0603_742792643"""
"L11,""1812_ReflowSoldering_SELF"",""8881.25mil"",""1381.25mil"",""8881.25mil"",""1381.25mil"",""8790.699mil"",""1381.25mil"",""T"",""360.00"",""IND_FERRITE_1812_74279226101"""
"L10,""SELF_WEPD_12X12_h10_XXL"",""8987.5mil"",""2381.25mil"",""8987.5mil"",""2381.25mil"",""9182.382mil"",""2381.25mil"",""T"",""180.00"",""SELF_15UH_6.5A_7447709150"""
"L9,""0603_ReflowSoldering_CAP"",""3960mil"",""3100mil"",""3960mil"",""3100mil"",""3986.4mil"",""3100mil"",""T"",""180.00"",""IND_FERRITE_0603_742792643"""
"L8,""0603_ReflowSoldering_CAP"",""2206.25mil"",""2775mil"",""2206.25mil"",""2775mil"",""2179.85mil"",""2775mil"",""T"",""360.00"",""IND_FERRITE_0603_742792643"""
"L7,""SELF_WE-SLM_6x3.3H3.3mm"",""7100mil"",""2775mil"",""7100mil"",""2775mil"",""7190mil"",""2750mil"",""T"",""180.00"",""IND_FERRITE_WE-SLM_2X22UH"""
"L6,""SELF_WE-SLM_6x3.3H3.3mm"",""6245mil"",""2720mil"",""6245mil"",""2720mil"",""6220mil"",""2630mil"",""T"",""90.00"",""IND_FERRITE_WE-SLM_2X22UH"""
"L5,""0603_ReflowSoldering_CAP"",""2186.25mil"",""3203.75mil"",""2186.25mil"",""3203.75mil"",""2212.65mil"",""3203.75mil"",""T"",""180.00"",""IND_FERRITE_0603_742792643"""
"L4,""0603_ReflowSoldering_CAP"",""1600mil"",""2793.75mil"",""1600mil"",""2793.75mil"",""1573.6mil"",""2793.75mil"",""T"",""360.00"",""IND_FERRITE_0603_742792643"""
"L3,""1206_ReflowSoldering_FERRITE"",""3130mil"",""2082.913mil"",""3130mil"",""2082.913mil"",""3130mil"",""2140mil"",""T"",""270.00"",""IND_FERRITE_1206_74279218"""
"L2,""SELF_WE-SL2_9.2x6"",""1252.5mil"",""2625mil"",""1252.5mil"",""2625mil"",""1202.5mil"",""2477.362mil"",""T"",""90.00"",""IND_FERRITE_WE-SL2_2X10UH"""
"L1,""1812_ReflowSoldering_SELF"",""10035mil"",""2430mil"",""10035mil"",""2430mil"",""10125.551mil"",""2430mil"",""T"",""180.00"",""IND_FERRITE_1812_74279226101"""
"K5,""RELAY_FINDER_32.21"",""7288.11mil"",""935mil"",""7288.11mil"",""885mil"",""7138.11mil"",""1285mil"",""T"",""360.00"",""RELAY_12VDC_1RT_32.21"""
"K3,""RELAY_FINDER_32.21"",""3618.75mil"",""656.25mil"",""3668.75mil"",""656.25mil"",""3268.75mil"",""506.25mil"",""T"",""90.00"",""RELAY_12VDC_1RT_32.21"""
"K2,""RELAY_FINDER_32.21"",""8203.74mil"",""935mil"",""8203.74mil"",""885mil"",""8053.74mil"",""1285mil"",""T"",""0.00"",""RELAY_12VDC_1RT_32.21"""
"K1,""RELAY_FINDER_32.21"",""7743.425mil"",""935mil"",""7743.425mil"",""885mil"",""7593.425mil"",""1285mil"",""T"",""0.00"",""RELAY_12VDC_1RT_32.21"""
"J58,""BAR_M_1X02D_L6_IS2.6_E2.54_G"",""1453.543mil"",""1060mil"",""1453.543mil"",""1110mil"",""1453.543mil"",""1110mil"",""T"",""360.00"",""CAVALIER_EMBASE_2PTS_E2.54"""
"J56,""WR_MPC4_1X04D_OVAL_PAD"",""10272.441mil"",""3010.63mil"",""10272.441mil"",""2977.165mil"",""10520.472mil"",""3010.63mil"",""T"",""270.00"",""EMB_4.20_M_D_1X04_Oval_Pad"""
"J52,""WR_MPC4_1X02D_OVAL_PAD"",""10437.795mil"",""93.307mil"",""10437.795mil"",""126.772mil"",""10355.118mil"",""93.307mil"",""T"",""90.00"",""EMB_4.20_M_D_1X02_Oval_PAD"""
"J51,""BRESS_FFKDSA1/V2-7,62_P1.3"",""8437.795mil"",""45.669mil"",""8300mil"",""-160.63mil"",""8437.795mil"",""-104.331mil"",""T"",""0.00"",""BRESS_CI_D_7.62_01_FFKDSA1/V2"""
"J50,""BRESS_FFKDSA/V2-7,62_P1.3"",""8137.795mil"",""45.669mil"",""8000mil"",""-160.63mil"",""8137.795mil"",""-104.331mil"",""T"",""0.00"",""BRESS_CI_D_7.62_01_FFKDSA/V2"""
"J49,""BRESS_FFKDSA/V2-7,62_P1.3"",""7837.795mil"",""45.669mil"",""7700mil"",""-160.63mil"",""7837.795mil"",""-104.331mil"",""T"",""0.00"",""BRESS_CI_D_7.62_01_FFKDSA/V2"""
"J48,""BRESS_FFKDSA/V2-7,62_P1.3"",""7537.795mil"",""45.669mil"",""7400mil"",""-160.63mil"",""7537.795mil"",""-104.331mil"",""T"",""0.00"",""BRESS_CI_D_7.62_01_FFKDSA/V2"""
"J47,""BRESS_FFKDSA/V2-7,62_P1.3"",""7237.795mil"",""45.669mil"",""7100mil"",""-160.63mil"",""7237.795mil"",""-104.331mil"",""T"",""0.00"",""BRESS_CI_D_7.62_01_FFKDSA/V2"""
"J46,""BRESS_FFKDSA/V2-7,62_P1.3"",""6937.795mil"",""45.669mil"",""6800mil"",""-160.63mil"",""6937.795mil"",""-104.331mil"",""T"",""0.00"",""BRESS_CI_D_7.62_01_FFKDSA/V2"""
"J45,""BRESS_FFKDSA/V2-7,62_P1.3"",""6637.795mil"",""45.669mil"",""6500mil"",""-160.63mil"",""6637.795mil"",""-104.331mil"",""T"",""0.00"",""BRESS_CI_D_7.62_01_FFKDSA/V2"""
"J44,""BRESS_FFKDSA/V2-7,62_P1.3"",""6337.795mil"",""45.669mil"",""6200mil"",""-160.63mil"",""6337.795mil"",""-104.331mil"",""T"",""0.00"",""BRESS_CI_D_7.62_01_FFKDSA/V2"""
"J43,""BRESS_FFKDSA/V2-7,62_P1.3"",""6037.795mil"",""45.669mil"",""5900mil"",""-160.63mil"",""6037.795mil"",""-104.331mil"",""T"",""0.00"",""BRESS_CI_D_7.62_01_FFKDSA/V2"""
"J42,""BRESS_FFKDSA/V2-7,62_P1.3"",""5737.795mil"",""45.669mil"",""5600mil"",""-160.63mil"",""5737.795mil"",""-104.331mil"",""T"",""0.00"",""BRESS_CI_D_7.62_01_FFKDSA/V2"""
"J41,""BRESS_FFKDSA/V2-7,62_P1.3"",""5437.795mil"",""45.669mil"",""5300mil"",""-160.63mil"",""5437.795mil"",""-104.331mil"",""T"",""0.00"",""BRESS_CI_D_7.62_01_FFKDSA/V2"""
"J40,""BRESS_FFKDSA/V2-7,62_P1.3"",""5137.795mil"",""45.669mil"",""5000mil"",""-160.63mil"",""5137.795mil"",""-104.331mil"",""T"",""0.00"",""BRESS_CI_D_7.62_01_FFKDSA/V2"""
"J39,""BRESS_FFKDSA/V2-7,62_P1.3"",""4837.795mil"",""45.669mil"",""4700mil"",""-160.63mil"",""4837.795mil"",""-104.331mil"",""T"",""0.00"",""BRESS_CI_D_7.62_01_FFKDSA/V2"""
"J38,""BRESS_FFKDSA/V2-7,62_P1.3"",""4537.795mil"",""45.669mil"",""4400mil"",""-160.63mil"",""4537.795mil"",""-104.331mil"",""T"",""0.00"",""BRESS_CI_D_7.62_01_FFKDSA/V2"""
"J37,""BRESS_FFKDSA/V2-7,62_P1.3"",""4237.795mil"",""45.669mil"",""4100mil"",""-160.63mil"",""4237.795mil"",""-104.331mil"",""T"",""0.00"",""BRESS_CI_D_7.62_01_FFKDSA/V2"""
"J36,""BRESS_FFKDSA/V2-7,62_P1.3"",""3937.795mil"",""45.669mil"",""3800mil"",""-160.63mil"",""3937.795mil"",""-104.331mil"",""T"",""0.00"",""BRESS_CI_D_7.62_01_FFKDSA/V2"""
"J35,""BRESS_FFKDSA/V2-7,62_P1.3"",""3637.795mil"",""45.669mil"",""3500mil"",""-160.63mil"",""3637.795mil"",""-104.331mil"",""T"",""0.00"",""BRESS_CI_D_7.62_01_FFKDSA/V2"""
"J34,""BRESS_FFKDSA/V2-7,62_P1.3"",""3337.795mil"",""45.669mil"",""3200mil"",""-160.63mil"",""3337.795mil"",""-104.331mil"",""T"",""0.00"",""BRESS_CI_D_7.62_01_FFKDSA/V2"""
"J33,""BAR_M_2X05D_L6_IS2.6_E2.54_G"",""1955mil"",""1965mil"",""2155mil"",""2015mil"",""2155mil"",""2015mil"",""T"",""270.00"",""BARRETTE_2.54_M_D_2X05_L6_G"""
"J32,""RJ45_8_B_D_TR_74990101210"",""725.197mil"",""355.906mil"",""725.197mil"",""261.811mil"",""550mil"",""511.811mil"",""T"",""0.00"",""PORT_ETH_10-100-BT_RJ45-8_B_D_LED_TR_74990101210"""
"J31,""MICRO-MATE-N-LOK_WURTH+TYCO_2X02_D"",""55.906mil"",""539.764mil"",""55.906mil"",""558.268mil"",""-3.15mil"",""617.323mil"",""T"",""180.00"",""MICRO-MATE-N-LOK_WURTH_2X02_D"""
"J2,""BRESS_FFKDSA1/V2-7,62_P1.3"",""637.795mil"",""3077.165mil"",""500mil"",""2870.866mil"",""637.795mil"",""2927.165mil"",""T"",""0.00"",""BRESS_CI_D_7.62_01_FFKDSA1/V2"""
"J1,""BRESS_FFKDSA/V2-7,62_P1.3"",""337.795mil"",""3077.165mil"",""200mil"",""2870.866mil"",""337.795mil"",""2927.165mil"",""T"",""0.00"",""BRESS_CI_D_7.62_01_FFKDSA/V2"""
"F4,""FUSIBLE_UMT250"",""7193.75mil"",""387.5mil"",""7193.75mil"",""387.5mil"",""7008.711mil"",""387.5mil"",""T"",""360.00"",""FUSIBLE_UMT250_0.315A_T"""
"F3,""FUS_POLY_11.4X3.8_H19_E5.8"",""8512.5mil"",""825mil"",""8512.5mil"",""825mil"",""8512.5mil"",""710.827mil"",""T"",""90.00"",""FUSIBLE_POLY_240Vac_0.25A_LVR"""
"F2,""FUSIBLE_UMT250"",""8325mil"",""387.5mil"",""8325mil"",""387.5mil"",""8139.961mil"",""387.5mil"",""T"",""360.00"",""FUSIBLE_UMT250_0.315A_T"""
"F1,""FUSIBLE_UMT250"",""7762.5mil"",""387.5mil"",""7762.5mil"",""387.5mil"",""7577.461mil"",""387.5mil"",""T"",""360.00"",""FUSIBLE_UMT250_0.315A_T"""
"DL7,""LED_0805_KPx_Green"",""2300mil"",""233.071mil"",""2300mil"",""233.071mil"",""2336mil"",""233.071mil"",""T"",""0.00"",""LED_0805_VERT_KP2012"""
"DL6,""LED_0805_KPx_YELLOW"",""500mil"",""1768.504mil"",""500mil"",""1768.504mil"",""536mil"",""1768.504mil"",""T"",""0.00"",""LED_0805_JAUNE_KP2012SYC"""
"D65,""SOD323_ReflowSoldering"",""2725mil"",""2030mil"",""2725mil"",""2030mil"",""2678.74mil"",""2030mil"",""T"",""180.00"",""PMEG2020AEA"""
"D64,""SOT23_3L_ReflowSoldering"",""4675mil"",""2375mil"",""4675mil"",""2375mil"",""4636.614mil"",""2331.693mil"",""T"",""270.00"",""BAT54C"""
"D63,""DO214AC-SMA-P_ReflowSoldering"",""1042.5mil"",""2695mil"",""1042.5mil"",""2695mil"",""1042.5mil"",""2620mil"",""T"",""270.00"",""SMAJ16A"""
"D62,""DO214AC-SMA-P_ReflowSoldering"",""4820mil"",""2320mil"",""4820mil"",""2320mil"",""4820mil"",""2245mil"",""T"",""270.00"",""SMAJ16A"""
"D61,""DO214AC-SMA-P_ReflowSoldering"",""5265mil"",""2468.6mil"",""5265mil"",""2468.6mil"",""5265mil"",""2393.6mil"",""T"",""270.00"",""SMAJ16A"""
"D60,""DO214AC-SMA-P_ReflowSoldering"",""4965mil"",""2392.2mil"",""4965mil"",""2392.2mil"",""4965mil"",""2317.2mil"",""T"",""270.00"",""SMAJ16A"""
"D59,""DO214AC-SMA-P_ReflowSoldering"",""5480mil"",""2450mil"",""5480mil"",""2450mil"",""5405mil"",""2450mil"",""T"",""180.00"",""SMAJ16A"""
"D58,""SOT23_3L_ReflowSoldering"",""7930mil"",""1985mil"",""7930mil"",""1985mil"",""7891.614mil"",""1941.693mil"",""T"",""270.00"",""BZX84A6V2"""
"D57,""SOT23_3L_ReflowSoldering"",""5570mil"",""2295mil"",""5570mil"",""2295mil"",""5531.614mil"",""2251.693mil"",""T"",""270.00"",""BAT54C"""
"D56,""SOT23_3L_ReflowSoldering"",""8060mil"",""2535mil"",""8060mil"",""2535mil"",""8103.307mil"",""2496.614mil"",""T"",""360.00"",""BAT54C"""
"D54,""SOT23_3L_ReflowSoldering"",""7968.75mil"",""2693.75mil"",""7968.75mil"",""2693.75mil"",""7930.364mil"",""2650.443mil"",""T"",""270.00"",""BAT54S"""
"D53,""SOD323_ReflowSoldering"",""1906.25mil"",""2706.25mil"",""1906.25mil"",""2706.25mil"",""1859.99mil"",""2706.25mil"",""T"",""180.00"",""PMEG2020AEA"""
"D51,""SOT23_3L_ReflowSoldering"",""400mil"",""2775mil"",""400mil"",""2775mil"",""356.693mil"",""2813.386mil"",""T"",""180.00"",""BZX84C4V7"""
"D50,""SOT23_3L_ReflowSoldering"",""7920mil"",""2535mil"",""7920mil"",""2535mil"",""7876.693mil"",""2573.386mil"",""T"",""180.00"",""MMBD1203"""
"D49,""SOT23_3L_ReflowSoldering"",""462.5mil"",""2293.75mil"",""462.5mil"",""2293.75mil"",""424.114mil"",""2250.443mil"",""T"",""270.00"",""MMBD1203"""
"D48,""SOT23_3L_ReflowSoldering"",""3850mil"",""975mil"",""3850mil"",""975mil"",""3888.386mil"",""1018.307mil"",""T"",""90.00"",""BAT54C"""
"D46,""SOT23_3L_ReflowSoldering"",""8118.75mil"",""1418.75mil"",""8118.75mil"",""1418.75mil"",""8162.057mil"",""1380.364mil"",""T"",""360.00"",""BAT54C"""
"D43,""SOT23_3L_ReflowSoldering"",""9365mil"",""2970mil"",""9365mil"",""2970mil"",""9326.614mil"",""2926.693mil"",""T"",""270.00"",""BAT54S"""
"D34,""DO219AB-SMF-P_ReflowSoldering"",""-100mil"",""815mil"",""-100mil"",""815mil"",""-100mil"",""872.087mil"",""T"",""90.00"",""SMF5V0A-GS08"""
"D33,""DO219AB-SMF-P_ReflowSoldering"",""305mil"",""515mil"",""305mil"",""515mil"",""305mil"",""457.913mil"",""T"",""270.00"",""SMF5V0A-GS08"""
"D30,""SOT23_3L_ReflowSoldering"",""8600mil"",""2743.75mil"",""8600mil"",""2743.75mil"",""8556.693mil"",""2782.136mil"",""T"",""180.00"",""BAT54S"""
"D26,""SOT23_3L_ReflowSoldering"",""7435mil"",""2580mil"",""7435mil"",""2580mil"",""7396.614mil"",""2536.693mil"",""T"",""270.00"",""BAT54S"""
"D24,""SOT23_3L_ReflowSoldering"",""5490mil"",""2132.2mil"",""5490mil"",""2132.2mil"",""5446.693mil"",""2170.586mil"",""T"",""180.00"",""MMBD1203"""
"D20,""DO214AC-SMA-P_ReflowSoldering"",""6785mil"",""2840mil"",""6785mil"",""2840mil"",""6710mil"",""2840mil"",""T"",""180.00"",""SMAJ16A"""
"D19,""DO214AC-SMA-P_ReflowSoldering"",""6850mil"",""2635mil"",""6850mil"",""2635mil"",""6850mil"",""2560mil"",""T"",""270.00"",""SMAJ16A"""
"D18,""SOT23_3L_ReflowSoldering"",""6425mil"",""2775mil"",""6425mil"",""2775mil"",""6468.307mil"",""2736.614mil"",""T"",""360.00"",""BAT54S"""
"D17,""DO214AC-SMA-P_ReflowSoldering"",""6240mil"",""3025mil"",""6240mil"",""3025mil"",""6240mil"",""3100mil"",""T"",""90.00"",""SMAJ16A"""
"D16,""SOT23_3L_ReflowSoldering"",""6990mil"",""3050mil"",""6990mil"",""3050mil"",""7033.307mil"",""3011.614mil"",""T"",""360.00"",""BAT54S"""
"D15,""SOT23_3L_ReflowSoldering"",""7193.75mil"",""1425mil"",""7193.75mil"",""1425mil"",""7237.057mil"",""1386.614mil"",""T"",""360.00"",""BAT54C"""
"D14,""SOT23_3L_ReflowSoldering"",""3112.5mil"",""737.5mil"",""3112.5mil"",""737.5mil"",""3069.193mil"",""775.886mil"",""T"",""180.00"",""BAT54C"""
"D13,""SOT23_3L_ReflowSoldering"",""7635mil"",""1420mil"",""7635mil"",""1420mil"",""7678.307mil"",""1381.614mil"",""T"",""0.00"",""BAT54C"""
"D11,""SOT23_3L_ReflowSoldering"",""2385mil"",""2262.5mil"",""2385mil"",""2262.5mil"",""2423.386mil"",""2305.807mil"",""T"",""90.00"",""MMBD1203"""
"D10,""DO214AC-SMA-P_ReflowSoldering"",""6005mil"",""2645mil"",""6005mil"",""2645mil"",""5930mil"",""2645mil"",""T"",""180.00"",""SMAJ16A"""
"D9,""DO214AC-SMA-P_ReflowSoldering"",""2075mil"",""2712.5mil"",""2075mil"",""2712.5mil"",""2075mil"",""2637.5mil"",""T"",""270.00"",""SMAJ16A"""
"D8,""DO214AC-SMA-P_ReflowSoldering"",""1457.5mil"",""2695mil"",""1457.5mil"",""2695mil"",""1457.5mil"",""2620mil"",""T"",""270.00"",""SMAJ16A"""
"D7,""SOD323_ReflowSoldering"",""5075mil"",""2412.2mil"",""5075mil"",""2412.2mil"",""5075mil"",""2365.94mil"",""T"",""270.00"",""PMEG2020AEA"""
"D6,""SOD323_ReflowSoldering"",""5155mil"",""2413.6mil"",""5155mil"",""2413.6mil"",""5155mil"",""2367.34mil"",""T"",""270.00"",""PMEG2020AEA"""
"D5,""SOT23_3L_ReflowSoldering"",""3015mil"",""2040mil"",""3015mil"",""2040mil"",""3058.307mil"",""2001.614mil"",""T"",""360.00"",""BAT54C"""
"D4,""SOT23_3L_ReflowSoldering"",""4540mil"",""2375mil"",""4540mil"",""2375mil"",""4501.614mil"",""2331.693mil"",""T"",""270.00"",""BAT54S"""
"D3,""SOT23_3L_ReflowSoldering"",""3685mil"",""3005mil"",""3685mil"",""3005mil"",""3723.386mil"",""3048.307mil"",""T"",""90.00"",""BAT54S"""
"D2,""SOT23_3L_ReflowSoldering"",""1743.75mil"",""2681.25mil"",""1743.75mil"",""2681.25mil"",""1705.364mil"",""2637.943mil"",""T"",""270.00"",""BAT54S"""
"D1,""SOT23_3L_ReflowSoldering"",""2193.75mil"",""2906.25mil"",""2193.75mil"",""2906.25mil"",""2150.443mil"",""2944.636mil"",""T"",""180.00"",""BAT54S"""
"C119,""0603_ReflowSoldering_CAP"",""2667.795mil"",""2100mil"",""2667.795mil"",""2100mil"",""2694.195mil"",""2100mil"",""T"",""180.00"",""C_0603_X7R_10%_100N-50V"""
"C118,""1206_ReflowSoldering_CAP"",""8825mil"",""2037.5mil"",""8825mil"",""2037.5mil"",""8882.087mil"",""2037.5mil"",""T"",""180.00"",""C_1206_X5R_20%_22U-25V"""
"C117,""0603_ReflowSoldering_CAP"",""-125mil"",""1550mil"",""-125mil"",""1550mil"",""-125mil"",""1576.4mil"",""T"",""270.00"",""C_0603_X7R_10%_100N-50V"""
"C115,""0603_ReflowSoldering_CAP"",""-125mil"",""1137.5mil"",""-125mil"",""1137.5mil"",""-125mil"",""1111.1mil"",""T"",""90.00"",""C_0603_X7R_10%_100N-50V"""
"C114,""0603_ReflowSoldering_CAP"",""87.5mil"",""1006.25mil"",""87.5mil"",""1006.25mil"",""61.1mil"",""1006.25mil"",""T"",""360.00"",""C_0603_X7R_10%_100N-50V"""
"C113,""0603_ReflowSoldering_CAP"",""-125mil"",""1700mil"",""-125mil"",""1700mil"",""-125mil"",""1726.4mil"",""T"",""270.00"",""C_0603_X7R_10%_100N-50V"""
"C112,""0603_ReflowSoldering_CAP"",""7131.25mil"",""1937.5mil"",""7131.25mil"",""1937.5mil"",""7131.25mil"",""1963.9mil"",""T"",""270.00"",""C_0603_X7R_10%_100N-50V"""
"C111,""0603_ReflowSoldering_CAP"",""3100mil"",""1840mil"",""3100mil"",""1840mil"",""3126.4mil"",""1840mil"",""T"",""180.00"",""C_0603_X7R_10%_100N-50V"""
"C110,""1206_ReflowSoldering_CAP"",""2831.25mil"",""2250mil"",""2831.25mil"",""2250mil"",""2888.337mil"",""2250mil"",""T"",""180.00"",""C_1206_X5R_20%_22U-25V"""
"C108,""0805_ReflowSoldering_CAP"",""3100mil"",""1300mil"",""3100mil"",""1300mil"",""3136mil"",""1300mil"",""T"",""180.00"",""C_0805_X5R_10%_1U-25V"""
"C107,""0603_ReflowSoldering_CAP"",""2915mil"",""1720mil"",""2915mil"",""1720mil"",""2941.4mil"",""1720mil"",""T"",""180.00"",""C_0603_X7R_10%_100N-50V"""
"C106,""0603_ReflowSoldering_CAP"",""3205mil"",""1380mil"",""3205mil"",""1380mil"",""3205mil"",""1406.4mil"",""T"",""270.00"",""C_0603_X7R_10%_100N-50V"""
"C105,""0805_ReflowSoldering_CAP"",""3095mil"",""1925mil"",""3095mil"",""1925mil"",""3059mil"",""1925mil"",""T"",""360.00"",""C_0805_X5R_10%_10U-16V"""
"C104,""0603_ReflowSoldering_CAP"",""2895mil"",""1895mil"",""2895mil"",""1895mil"",""2868.6mil"",""1895mil"",""T"",""360.00"",""C_0603_X7R_10%_100N-50V"""
"C103,""0603_ReflowSoldering_CAP"",""2590mil"",""2206.4mil"",""2590mil"",""2206.4mil"",""2590mil"",""2232.8mil"",""T"",""270.00"",""C_0603_X7R_10%_100N-50V"""
"C102,""0603_ReflowSoldering_CAP"",""2750mil"",""410mil"",""2750mil"",""410mil"",""2750mil"",""383.6mil"",""T"",""90.00"",""C_0603_X7R_10%_10N-50V"""
"C101,""0805_ReflowSoldering_CAP"",""7162.48mil"",""2175mil"",""7162.48mil"",""2175mil"",""7126.48mil"",""2175mil"",""T"",""360.00"",""C_0805_X5R_10%_10U-16V"""
"C99,""CAP_S_5X17.5_E15MM"",""8731.25mil"",""200mil"",""8731.25mil"",""200mil"",""8731.25mil"",""500mil"",""T"",""270.00"",""C_X2_GEN_100NF-275Vac_(4KVmax)"""
"C98,""0805_ReflowSoldering_CAP"",""7537.5mil"",""2337.5mil"",""7537.5mil"",""2337.5mil"",""7537.5mil"",""2373.5mil"",""T"",""270.00"",""C_0805_X5R_10%_1U-25V"""
"C97,""0603_ReflowSoldering_CAP"",""7612.5mil"",""2325mil"",""7612.5mil"",""2325mil"",""7612.5mil"",""2298.6mil"",""T"",""90.00"",""C_0603_X7R_10%_100N-50V"""
"C96,""0603_ReflowSoldering_CAP"",""1343.75mil"",""1618.75mil"",""1343.75mil"",""1618.75mil"",""1343.75mil"",""1592.35mil"",""T"",""90.00"",""C_0603_NPO_5%_1N-50V"""
"C95,""0805_ReflowSoldering_CAP"",""9756.25mil"",""2793.75mil"",""9756.25mil"",""2793.75mil"",""9792.25mil"",""2793.75mil"",""T"",""180.00"",""C_0805_X5R_10%_1U-25V"""
"C94,""0603_ReflowSoldering_CAP"",""7860mil"",""2680mil"",""7860mil"",""2680mil"",""7860mil"",""2653.6mil"",""T"",""90.00"",""C_0603_X7R_10%_10N-50V"""
"C93,""0603_ReflowSoldering_CAP"",""356.25mil"",""2525mil"",""356.25mil"",""2525mil"",""329.85mil"",""2525mil"",""T"",""360.00"",""C_0603_X7R_10%_4.7N-50V"""
"C91,""0805_ReflowSoldering_CAP"",""143.75mil"",""2100mil"",""143.75mil"",""2100mil"",""179.75mil"",""2100mil"",""T"",""180.00"",""C_0805_X5R_10%_1U-25V"""
"C90,""1210_ReflowSoldering_CAP"",""381.25mil"",""1161.024mil"",""381.25mil"",""1161.024mil"",""381.25mil"",""1222.047mil"",""T"",""270.00"",""C_1210_X5R_10%_10U-35V"""
"C89,""0603_ReflowSoldering_CAP"",""587.5mil"",""2562.5mil"",""587.5mil"",""2562.5mil"",""613.9mil"",""2562.5mil"",""T"",""180.00"",""C_0603_X7R_10%_4.7N-50V"""
"C88,""0805_ReflowSoldering_CAP"",""287.5mil"",""2100mil"",""287.5mil"",""2100mil"",""251.5mil"",""2100mil"",""T"",""360.00"",""C_0805_X5R_10%_1U-25V"""
"C87,""0603_ReflowSoldering_CAP"",""0mil"",""880mil"",""0mil"",""880mil"",""0mil"",""906.4mil"",""T"",""270.00"",""C_0603_X7R_10%_100N-50V"""
"C86,""0603_ReflowSoldering_CAP"",""406.25mil"",""831.25mil"",""406.25mil"",""831.25mil"",""406.25mil"",""857.65mil"",""T"",""270.00"",""C_0603_X7R_10%_100N-50V"""
"C85,""0603_ReflowSoldering_CAP"",""2890mil"",""2005mil"",""2890mil"",""2005mil"",""2863.6mil"",""2005mil"",""T"",""360.00"",""C_0603_X7R_10%_10N-50V"""
"C84,""0603_ReflowSoldering_CAP"",""7162.48mil"",""2105mil"",""7162.48mil"",""2105mil"",""7188.88mil"",""2105mil"",""T"",""180.00"",""C_0603_X7R_10%_100N-50V"""
"C83,""1206_ReflowSoldering_CAP"",""1031.25mil"",""2343.75mil"",""1031.25mil"",""2343.75mil"",""1031.25mil"",""2286.663mil"",""T"",""90.00"",""C_1206_X5R_20%_22U-25V"""
"C77,""0603_ReflowSoldering_CAP"",""8987.5mil"",""2693.75mil"",""8987.5mil"",""2693.75mil"",""8987.5mil"",""2720.15mil"",""T"",""270.00"",""C_0603_NPO_5%_1N-50V"""
"C72,""0603_ReflowSoldering_CAP"",""655mil"",""830mil"",""655mil"",""830mil"",""681.4mil"",""830mil"",""T"",""180.00"",""C_0603_X7R_10%_100N-50V"""
"C71,""0603_ReflowSoldering_CAP"",""655mil"",""890mil"",""655mil"",""890mil"",""681.4mil"",""890mil"",""T"",""180.00"",""C_0603_X7R_10%_100N-50V"""
"C70,""1206_ReflowSoldering_CAP"",""943.75mil"",""2343.75mil"",""943.75mil"",""2343.75mil"",""943.75mil"",""2286.663mil"",""T"",""90.00"",""C_1206_X5R_20%_22U-25V"""
"C69,""0603_ReflowSoldering_CAP"",""831.25mil"",""750mil"",""831.25mil"",""750mil"",""804.85mil"",""750mil"",""T"",""360.00"",""C_0603_X7R_10%_100N-50V"""
"C68,""0603_ReflowSoldering_CAP"",""831.25mil"",""812.5mil"",""831.25mil"",""812.5mil"",""804.85mil"",""812.5mil"",""T"",""360.00"",""C_0603_X7R_10%_100N-50V"""
"C67,""0603_ReflowSoldering_CAP"",""1431.25mil"",""206.25mil"",""1431.25mil"",""206.25mil"",""1457.65mil"",""206.25mil"",""T"",""180.00"",""C_0603_X7R_10%_100N-50V"""
"C66,""0805_ReflowSoldering_CAP"",""9756.25mil"",""2706.25mil"",""9756.25mil"",""2706.25mil"",""9792.25mil"",""2706.25mil"",""T"",""180.00"",""C_0805_X5R_10%_1U-25V"""
"C65,""0603_ReflowSoldering_CAP"",""1687.5mil"",""206.25mil"",""1687.5mil"",""206.25mil"",""1713.9mil"",""206.25mil"",""T"",""180.00"",""C_0603_NPO_5%_18P-50V"""
"C64,""0603_ReflowSoldering_CAP"",""1556.25mil"",""206.25mil"",""1556.25mil"",""206.25mil"",""1582.65mil"",""206.25mil"",""T"",""180.00"",""C_0603_NPO_5%_18P-50V"""
"C63,""1206_ReflowSoldering_CAP"",""1025mil"",""813.75mil"",""1025mil"",""813.75mil"",""1025mil"",""870.837mil"",""T"",""270.00"",""C_1206_X7R_10%_1N-2KV"""
"C62,""0603_ReflowSoldering_CAP"",""1662.5mil"",""693.75mil"",""1662.5mil"",""693.75mil"",""1636.1mil"",""693.75mil"",""T"",""360.00"",""C_0603_X7R_10%_100N-50V"""
"C61,""0603_ReflowSoldering_CAP"",""1170mil"",""475mil"",""1170mil"",""475mil"",""1196.4mil"",""475mil"",""T"",""180.00"",""C_0603_X7R_10%_100N-50V"""
"C60,""0603_ReflowSoldering_CAP"",""2337.5mil"",""1937.5mil"",""2337.5mil"",""1937.5mil"",""2363.9mil"",""1937.5mil"",""T"",""180.00"",""C_0603_X7R_10%_100N-50V"""
"C59,""0603_ReflowSoldering_CAP"",""6840mil"",""2980mil"",""6840mil"",""2980mil"",""6866.4mil"",""2980mil"",""T"",""180.00"",""C_0603_X7R_10%_100N-50V"""
"C58,""0805_ReflowSoldering_CAP"",""700mil"",""760mil"",""700mil"",""760mil"",""664mil"",""760mil"",""T"",""360.00"",""C_0805_X5R_10%_10U-16V"""
"C57,""0603_ReflowSoldering_CAP"",""2125mil"",""393.75mil"",""2125mil"",""393.75mil"",""2125mil"",""420.15mil"",""T"",""270.00"",""C_0603_X7R_10%_100N-50V"""
"C56,""0603_ReflowSoldering_CAP"",""1930mil"",""545mil"",""1930mil"",""545mil"",""1956.4mil"",""545mil"",""T"",""180.00"",""C_0603_X7R_10%_100N-50V"""
"C55,""0603_ReflowSoldering_CAP"",""2880mil"",""935mil"",""2880mil"",""935mil"",""2880mil"",""908.6mil"",""T"",""90.00"",""C_0603_X7R_10%_100N-50V"""
"C54,""0805_ReflowSoldering_CAP"",""900mil"",""920mil"",""900mil"",""920mil"",""900mil"",""956mil"",""T"",""270.00"",""C_0805_X5R_10%_10U-16V"""
"C53,""0603_ReflowSoldering_CAP"",""8893.75mil"",""2693.75mil"",""8893.75mil"",""2693.75mil"",""8893.75mil"",""2720.15mil"",""T"",""270.00"",""C_0603_NPO_5%_390P-50V"""
"C52,""1206_ReflowSoldering_CAP"",""9131.25mil"",""1381.25mil"",""9131.25mil"",""1381.25mil"",""9188.337mil"",""1381.25mil"",""T"",""180.00"",""C_1206_X5R_20%_22U-25V"""
"C51,""1206_ReflowSoldering_CAP"",""9081.25mil"",""2037.5mil"",""9081.25mil"",""2037.5mil"",""9024.163mil"",""2037.5mil"",""T"",""360.00"",""C_1206_X5R_20%_22U-25V"""
"C50,""0603_ReflowSoldering_CAP"",""9756.25mil"",""2875mil"",""9756.25mil"",""2875mil"",""9729.85mil"",""2875mil"",""T"",""360.00"",""C_0603_X7R_10%_100N-50V"""
"C49,""0805_ReflowSoldering_CAP"",""6055mil"",""2530mil"",""6055mil"",""2530mil"",""6019mil"",""2530mil"",""T"",""360.00"",""C_0805_X7R_10%_470N-50V"""
"C48,""0603_ReflowSoldering_CAP"",""9856.25mil"",""2606.25mil"",""9856.25mil"",""2606.25mil"",""9856.25mil"",""2579.85mil"",""T"",""90.00"",""C_0603_X7R_10%_100N-50V"""
"C47,""1210_ReflowSoldering_CAP"",""9960mil"",""2625mil"",""9960mil"",""2625mil"",""9960mil"",""2686.024mil"",""T"",""270.00"",""C_1210_X5R_10%_10U-35V"""
"C46,""0603_ReflowSoldering_CAP"",""2118.75mil"",""1493.75mil"",""2118.75mil"",""1493.75mil"",""2118.75mil"",""1467.35mil"",""T"",""90.00"",""C_0603_X7R_10%_100N-50V"""
"C45,""0603_ReflowSoldering_CAP"",""1831.25mil"",""1031.25mil"",""1831.25mil"",""1031.25mil"",""1831.25mil"",""1057.65mil"",""T"",""270.00"",""C_0603_X7R_10%_100N-50V"""
"C44,""0603_ReflowSoldering_CAP"",""1930mil"",""445mil"",""1930mil"",""445mil"",""1956.4mil"",""445mil"",""T"",""180.00"",""C_0603_X7R_10%_100N-50V"""
"C43,""0603_ReflowSoldering_CAP"",""2905mil"",""724.822mil"",""2905mil"",""724.822mil"",""2878.6mil"",""724.822mil"",""T"",""360.00"",""C_0603_X7R_10%_100N-50V"""
"C42,""0603_ReflowSoldering_CAP"",""2880mil"",""1085mil"",""2880mil"",""1085mil"",""2880mil"",""1111.4mil"",""T"",""270.00"",""C_0603_X7R_10%_100N-50V"""
"C41,""0603_ReflowSoldering_CAP"",""2518.75mil"",""410mil"",""2518.75mil"",""410mil"",""2518.75mil"",""436.4mil"",""T"",""270.00"",""C_0603_X7R_10%_100N-50V"""
"C40,""0603_ReflowSoldering_CAP"",""2668.75mil"",""1512.5mil"",""2668.75mil"",""1512.5mil"",""2668.75mil"",""1486.1mil"",""T"",""90.00"",""C_0603_X7R_10%_100N-50V"""
"C39,""0603_ReflowSoldering_CAP"",""2290mil"",""1500mil"",""2290mil"",""1500mil"",""2290mil"",""1473.6mil"",""T"",""90.00"",""C_0603_X7R_10%_100N-50V"""
"C38,""0603_ReflowSoldering_CAP"",""2400mil"",""410mil"",""2400mil"",""410mil"",""2400mil"",""436.4mil"",""T"",""270.00"",""C_0603_X7R_10%_100N-50V"""
"C37,""0603_ReflowSoldering_CAP"",""2606.25mil"",""1512.5mil"",""2606.25mil"",""1512.5mil"",""2606.25mil"",""1486.1mil"",""T"",""90.00"",""C_0603_X7R_10%_100N-50V"""
"C36,""0603_ReflowSoldering_CAP"",""1837.5mil"",""831.25mil"",""1837.5mil"",""831.25mil"",""1837.5mil"",""857.65mil"",""T"",""270.00"",""C_0603_X7R_10%_100N-50V"""
"C35,""0805_ReflowSoldering_CAP"",""2950mil"",""1075mil"",""2950mil"",""1075mil"",""2950mil"",""1039mil"",""T"",""90.00"",""C_0805_X5R_10%_10U-16V"""
"C34,""0805_ReflowSoldering_CAP"",""1718.75mil"",""1025mil"",""1718.75mil"",""1025mil"",""1718.75mil"",""989mil"",""T"",""90.00"",""C_0805_X5R_10%_10U-16V"""
"C33,""0603_ReflowSoldering_CAP"",""2887.5mil"",""410mil"",""2887.5mil"",""410mil"",""2887.5mil"",""436.4mil"",""T"",""270.00"",""C_0603_X7R_10%_100N-50V"""
"C32,""0603_ReflowSoldering_CAP"",""2818.75mil"",""410mil"",""2818.75mil"",""410mil"",""2818.75mil"",""436.4mil"",""T"",""270.00"",""C_0603_X7R_10%_100N-50V"""
"C31,""0603_ReflowSoldering_CAP"",""1587.5mil"",""1706.25mil"",""1587.5mil"",""1706.25mil"",""1587.5mil"",""1732.65mil"",""T"",""270.00"",""C_0603_X7R_10%_100N-50V"""
"C30,""0805_ReflowSoldering_CAP"",""6477.5mil"",""1527.5mil"",""6477.5mil"",""1527.5mil"",""6513.5mil"",""1527.5mil"",""T"",""180.00"",""C_0805_X5R_10%_1U-25V"""
"C29,""0805_ReflowSoldering_CAP"",""6477.48mil"",""1615mil"",""6477.48mil"",""1615mil"",""6513.48mil"",""1615mil"",""T"",""180.00"",""C_0805_X5R_10%_1U-25V"""
"C28,""0603_ReflowSoldering_CAP"",""2362.5mil"",""1587.5mil"",""2362.5mil"",""1587.5mil"",""2388.9mil"",""1587.5mil"",""T"",""180.00"",""C_0603_NPO_5%_18P-50V"""
"C27,""0603_ReflowSoldering_CAP"",""2637.5mil"",""1600mil"",""2637.5mil"",""1600mil"",""2611.1mil"",""1600mil"",""T"",""360.00"",""C_0603_NPO_5%_18P-50V"""
"C26,""0603_ReflowSoldering_CAP"",""2587.5mil"",""281.25mil"",""2587.5mil"",""281.25mil"",""2613.9mil"",""281.25mil"",""T"",""180.00"",""C_0603_NPO_5%_18P-50V"""
"C25,""0603_ReflowSoldering_CAP"",""2700mil"",""281.25mil"",""2700mil"",""281.25mil"",""2673.6mil"",""281.25mil"",""T"",""360.00"",""C_0603_NPO_5%_18P-50V"""
"C24,""0603_ReflowSoldering_CAP"",""1093.75mil"",""1875mil"",""1093.75mil"",""1875mil"",""1120.15mil"",""1875mil"",""T"",""180.00"",""C_0603_X7R_10%_100N-50V"""
"C23,""0805_ReflowSoldering_CAP"",""9212.5mil"",""2737.5mil"",""9212.5mil"",""2737.5mil"",""9176.5mil"",""2737.5mil"",""T"",""360.00"",""C_0805_X7R_10%_470N-50V"""
"C22,""0603_ReflowSoldering_CAP"",""1106.25mil"",""2306.25mil"",""1106.25mil"",""2306.25mil"",""1106.25mil"",""2332.65mil"",""T"",""270.00"",""C_0603_X7R_10%_100N-50V"""
"C21,""0603_ReflowSoldering_CAP"",""1100mil"",""2175mil"",""1100mil"",""2175mil"",""1073.6mil"",""2175mil"",""T"",""0.00"",""C_0603_X7R_10%_100N-50V"""
"C20,""0603_ReflowSoldering_CAP"",""1568.75mil"",""2312.5mil"",""1568.75mil"",""2312.5mil"",""1542.35mil"",""2312.5mil"",""T"",""360.00"",""C_0603_X7R_10%_100N-50V"""
"C19,""1210_ReflowSoldering_CAP"",""7068.75mil"",""1781.25mil"",""7068.75mil"",""1781.25mil"",""7129.774mil"",""1781.25mil"",""T"",""180.00"",""C_1210_X5R_10%_10U-35V"""
"C18,""0603_ReflowSoldering_CAP"",""1047.5mil"",""2500mil"",""1047.5mil"",""2500mil"",""1047.5mil"",""2473.6mil"",""T"",""90.00"",""C_0603_X7R_10%_100N-50V"""
"C17,""1210_ReflowSoldering_CAP"",""10110mil"",""2625mil"",""10110mil"",""2625mil"",""10110mil"",""2686.024mil"",""T"",""270.00"",""C_1210_X5R_10%_10U-35V"""
"C15,""CAP_ELE_18X40_E7.5MM"",""9620.472mil"",""1138.583mil"",""9620.472mil"",""1138.583mil"",""9768.11mil"",""1138.583mil"",""T"",""180.00"",""C_ELE_3900U_35V_UHE1V392MD"""
"C14,""CAP_ELE_18X40_E7.5MM"",""10447.244mil"",""1965.354mil"",""10447.244mil"",""1965.354mil"",""10594.882mil"",""1965.354mil"",""T"",""180.00"",""C_ELE_3900U_35V_UHE1V392MD"""
"C13,""CAP_ELE_18X40_E7.5MM"",""10447.244mil"",""1138.583mil"",""10447.244mil"",""1138.583mil"",""10594.882mil"",""1138.583mil"",""T"",""180.00"",""C_ELE_3900U_35V_UHE1V392MD"""
"C11,""0805_ReflowSoldering_CAP"",""7435mil"",""2710mil"",""7435mil"",""2710mil"",""7471mil"",""2710mil"",""T"",""180.00"",""C_0805_X7R_10%_470N-50V"""
"C10,""0805_ReflowSoldering_CAP"",""7310mil"",""2680mil"",""7310mil"",""2680mil"",""7310mil"",""2644mil"",""T"",""90.00"",""C_0805_X7R_10%_470N-50V"""
"C9,""0805_ReflowSoldering_CAP"",""6415mil"",""2975mil"",""6415mil"",""2975mil"",""6451mil"",""2975mil"",""T"",""180.00"",""C_0805_X7R_10%_470N-50V"""
"C7,""0603_ReflowSoldering_CAP"",""4590mil"",""2515mil"",""4590mil"",""2515mil"",""4590mil"",""2488.6mil"",""T"",""90.00"",""C_0603_X7R_10%_100N-50V"""
"C6,""0805_ReflowSoldering_CAP"",""2905mil"",""1805mil"",""2905mil"",""1805mil"",""2941mil"",""1805mil"",""T"",""180.00"",""C_0805_X5R_10%_10U-16V"""
"C5,""0603_ReflowSoldering_CAP"",""5190mil"",""2295mil"",""5190mil"",""2295mil"",""5163.6mil"",""2295mil"",""T"",""360.00"",""C_0603_X7R_10%_100N-50V"""
"C4,""0603_ReflowSoldering_CAP"",""7206.25mil"",""1937.5mil"",""7206.25mil"",""1937.5mil"",""7206.25mil"",""1963.9mil"",""T"",""270.00"",""C_0603_X7R_10%_100N-50V"""
"C3,""0603_ReflowSoldering_CAP"",""1900mil"",""2625mil"",""1900mil"",""2625mil"",""1873.6mil"",""2625mil"",""T"",""0.00"",""C_0603_X7R_10%_100N-50V"""
"C2,""0603_ReflowSoldering_CAP"",""3835mil"",""2960mil"",""3835mil"",""2960mil"",""3808.6mil"",""2960mil"",""T"",""360.00"",""C_0603_X7R_10%_100N-50V"""
"C1,""0603_ReflowSoldering_CAP"",""1862.5mil"",""2793.75mil"",""1862.5mil"",""2793.75mil"",""1836.1mil"",""2793.75mil"",""T"",""360.00"",""C_0603_X7R_10%_100N-50V"""
"D28,""SOD128_ReflowSoldering"",""10350mil"",""2565mil"",""10350mil"",""2565mil"",""10350mil"",""2651.5mil"",""T"",""270.00"",""PMEG4050EP"""
"D29,""SOD128_ReflowSoldering"",""10515mil"",""2565mil"",""10515mil"",""2565mil"",""10515mil"",""2651.5mil"",""T"",""270.00"",""PMEG4050EP"""
"D39,""SOD128_ReflowSoldering"",""10275mil"",""2770mil"",""10275mil"",""2770mil"",""10188.5mil"",""2770mil"",""T"",""360.00"",""PMEG4050EP"""
"D40,""SOD128_ReflowSoldering"",""10600mil"",""2770mil"",""10600mil"",""2770mil"",""10686.5mil"",""2770mil"",""T"",""180.00"",""PMEG4050EP"""
"D45,""SOD128_ReflowSoldering"",""8918.75mil"",""1212.5mil"",""8918.75mil"",""1212.5mil"",""9005.25mil"",""1212.5mil"",""T"",""180.00"",""PMEG4050EP"""
"F5,""FUS_POLY_14.4X3_H24.8_E5.08"",""9627.638mil"",""3169.213mil"",""9777.244mil"",""3171.181mil"",""9730mil"",""3120mil"",""T"",""180.00"",""FUSIBLE_POLY_30V_4A_MF-R400"""
"L17,""0603_ReflowSoldering_CAP"",""75mil"",""1893.75mil"",""75mil"",""1893.75mil"",""75mil"",""1867.35mil"",""T"",""90.00"",""IND_FERRITE_0603_742792643"""
"R175,""0603_ReflowSoldering_RES"",""960mil"",""1740mil"",""960mil"",""1740mil"",""933.6mil"",""1740mil"",""T"",""360.00"",""RES_0603_1%_100PPM_1K"""
"C109,""CAP_ELE_10X31.5_E5.08MM"",""9612.5mil"",""1950mil"",""9612.5mil"",""1950mil"",""9712.5mil"",""1950mil"",""T"",""180.00"",""C_ELE_GEN_20%_1000U-25V"""
"L37,""SELF_PM3700_17.78X11.43H11.43"",""9699.48mil"",""225.52mil"",""9699.48mil"",""225.52mil"",""9398.959mil"",""-75mil"",""T"",""315.00"",""IND_FERRITE_PM3700_80_RC_2X20mH"""
"D12,""SOD323_ReflowSoldering"",""8500mil"",""2150mil"",""8500mil"",""2150mil"",""8546.26mil"",""2150mil"",""T"",""360.00"",""PMEG2020AEA"""
"R13,""0603_ReflowSoldering_RES"",""8943.75mil"",""2868.75mil"",""8943.75mil"",""2868.75mil"",""8970.15mil"",""2868.75mil"",""T"",""180.00"",""RES_0603_1%_100PPM_4.7K"""
"C16,""0603_ReflowSoldering_CAP"",""1193.75mil"",""2100mil"",""1193.75mil"",""2100mil"",""1220.15mil"",""2100mil"",""T"",""180.00"",""C_0603_NPO_5%_1N-50V"""
"T17,""DPAK"",""5415mil"",""1144.527mil"",""5415mil"",""990mil"",""5505mil"",""1299.055mil"",""T"",""90.00"",""T405-600B"""
"T19,""DPAK"",""5760mil"",""1144.527mil"",""5760mil"",""990mil"",""5850mil"",""1299.055mil"",""T"",""90.00"",""T405-600B"""
"T20,""DPAK"",""6105mil"",""1144.527mil"",""6105mil"",""990mil"",""6195mil"",""1299.055mil"",""T"",""90.00"",""T405-600B"""
"D44,""DO214AB-SMC-P_ReflowSoldering"",""1525mil"",""1906.25mil"",""1525mil"",""1906.25mil"",""1649mil"",""1906.25mil"",""T"",""360.00"",""MBRS360T3G"""
"R38,""0603_ReflowSoldering_RES"",""4075mil"",""1095mil"",""4075mil"",""1095mil"",""4101.4mil"",""1095mil"",""T"",""180.00"",""RES_0603_1%_100PPM_1K"""
"R94,""0603_ReflowSoldering_RES"",""4215mil"",""1850mil"",""4215mil"",""1850mil"",""4241.4mil"",""1850mil"",""T"",""180.00"",""RES_0603_1%_100PPM_1K"""
"C138,""0603_ReflowSoldering_CAP"",""868.75mil"",""1068.75mil"",""868.75mil"",""1068.75mil"",""868.75mil"",""1095.15mil"",""T"",""270.00"",""C_0603_X7R_10%_100N-50V"""
"D47,""SOT23_3L_ReflowSoldering"",""981.25mil"",""1062.5mil"",""981.25mil"",""1062.5mil"",""942.864mil"",""1019.193mil"",""T"",""270.00"",""BAT54S"""
"J53,""WR_MPC4_1X02D_Oval_Pad"",""609.055mil"",""1237.008mil"",""575.591mil"",""1237.008mil"",""609.055mil"",""1154.331mil"",""T"",""180.00"",""EMB_4.20_M_D_1X02_Oval_PAD"""
"L42,""0603_ReflowSoldering_CAP"",""881.25mil"",""1225mil"",""881.25mil"",""1225mil"",""854.85mil"",""1225mil"",""T"",""360.00"",""IND_FERRITE_0603_742792643"""
"R170,""0603_ReflowSoldering_RES"",""1056.25mil"",""1200mil"",""1056.25mil"",""1200mil"",""1056.25mil"",""1173.6mil"",""T"",""90.00"",""RES_0603_1%_100PPM_2.2K"""
"R171,""0603_ReflowSoldering_RES"",""981.25mil"",""1200mil"",""981.25mil"",""1200mil"",""981.25mil"",""1226.4mil"",""T"",""270.00"",""RES_0603_1%_100PPM_4.7K"""
"C100,""0603_ReflowSoldering_CAP"",""2186.25mil"",""3053.75mil"",""2186.25mil"",""3053.75mil"",""2212.65mil"",""3053.75mil"",""T"",""180.00"",""C_0603_X7R_10%_100N-50V"""
"C143,""0603_ReflowSoldering_CAP"",""1612.5mil"",""1568.75mil"",""1612.5mil"",""1568.75mil"",""1612.5mil"",""1542.35mil"",""T"",""90.00"",""C_0603_X7R_10%_100N-50V"""
"U28,""SOIC_08_E1.27_L200_REFLOWSOLDERING"",""1456.25mil"",""1406.25mil"",""1456.25mil"",""1406.25mil"",""1310.581mil"",""1481.25mil"",""T"",""270.00"",""SST25VF016B-50-4I-S2AF"""
"R40,""0603_ReflowSoldering_RES"",""587.5mil"",""2500mil"",""587.5mil"",""2500mil"",""561.1mil"",""2500mil"",""T"",""360.00"",""RES_0603_1%_100PPM_2.2K"""
"J3,""IDC2P54_26P"",""5350mil"",""2910.236mil"",""5350mil"",""2910.236mil"",""4750mil"",""2860.236mil"",""T"",""0.00"",""61202621621"""
